customer_id,first_name,last_name,email,country,city,registered_at
1,Dustin,Maxwell,sjuarez@example.org,Northern Mariana Islands,North Barryburgh,2025-12-08 18:40:15.507315
2,Jacob,Santiago,ibeltran@example.com,Eritrea,West Patricia,2025-03-29 14:13:50.821653
3,Denise,Craig,johnwise@example.com,Germany,New Christopher,2024-10-13 20:27:13.572500
4,Debbie,Thomas,jware@example.net,Kenya,Port Jonathan,2025-08-07 13:30:23.138875
5,Nicole,Wilson,heather24@example.org,Finland,Lake Ruthport,2024-08-23 09:22:29.962978
6,Jesus,Hernandez,michelle69@example.com,Lebanon,Robertfort,2024-10-28 02:16:49.781407
7,Melissa,Montoya,jamesjohns@example.com,Serbia,Rodriguezview,2025-05-09 17:12:04.570693
8,Justin,Henderson,williamsrebecca@example.net,Christmas Island,New William,2024-09-29 16:15:36.593148
9,Christopher,Ramirez,christine17@example.net,Christmas Island,East Zacharyport,2025-08-29 13:14:30.136014
10,Darrell,Allen,daviscassandra@example.com,Nigeria,Wilsonhaven,2025-05-25 16:25:12.246560
11,Debra,Larson,christinaquinn@example.org,Slovakia (Slovak Republic),Rebeccamouth,2025-01-21 12:15:45.239409
12,Joseph,Welch,ucallahan@example.net,Solomon Islands,North Jeremyshire,2025-01-12 15:13:29.956879
13,Dana,Jackson,rosetimothy@example.net,Egypt,Rhondaburgh,2026-04-25 21:30:19.593325
14,Ann,Miller,johnsonashlee@example.net,Slovakia (Slovak Republic),East Nicole,2026-07-08 07:55:59.651432
15,Wendy,Estrada,smithshannon@example.net,Sao Tome and Principe,East John,2025-08-21 15:26:34.705259
16,Ryan,Ford,cynthia74@example.net,Cocos (Keeling) Islands,South Ian,2026-05-02 04:10:31.667858
17,Rodney,Tucker,alice51@example.com,Saint Helena,Blakehaven,2026-06-16 11:07:36.578932
18,Sarah,Williams,claudia66@example.com,Congo,South Katherine,2024-08-06 21:09:32.266466
19,Joseph,Thompson,kevin20@example.net,Bahrain,New Colleenfurt,2026-03-08 06:52:17.485569
20,James,Pacheco,justin03@example.net,Madagascar,Russellport,2024-08-18 22:28:02.197070
21,Cindy,Miller,deansamantha@example.net,Georgia,Lake Laura,2024-11-07 10:38:07.231718
22,Emily,Vaughn,donna22@example.com,Syrian Arab Republic,East Heather,2024-08-12 00:09:19.346448
23,Tonya,Love,thomasevans@example.net,Brazil,Lake Amanda,2025-07-27 08:03:20.460506
24,Brooke,Garcia,tiffany80@example.org,Australia,Michelleshire,2024-09-08 01:24:39.193757
25,Gregory,Hood,phenderson@example.org,Mayotte,Lesterville,2025-06-04 09:53:58.694269
26,Sylvia,Hicks,kennethmitchell@example.com,Niger,West Mathewfurt,2026-03-15 02:21:32.395355
27,Rick,Williams,amandasmith@example.com,Cayman Islands,North Katelynfurt,2025-11-21 16:12:19.584862
28,Heather,Marks,imitchell@example.net,Andorra,Karenstad,2025-11-10 13:10:06.928481
29,David,Jackson,sandershannah@example.net,Ethiopia,North Debraside,2024-09-13 01:20:49.839812
30,Brandon,Conway,melissa00@example.org,Uzbekistan,East Lesliemouth,2024-12-23 16:40:41.712674
31,Shawn,Garcia,joseph19@example.com,Iceland,East Monicaport,2025-07-20 02:31:18.152502
32,Matthew,French,melissa67@example.org,Poland,Port Susanfurt,2024-09-02 12:53:10.209032
33,Luis,Walker,icordova@example.net,United States Virgin Islands,Danielstad,2024-10-11 00:31:09.365943
34,Daniel,Garrett,ymurray@example.net,Panama,Ianport,2024-11-16 10:16:54.372272
35,Ian,Mata,villegasloretta@example.com,Jersey,Silvabury,2024-10-20 22:13:20.700048
36,George,Norman,austin32@example.com,Jersey,New Tristan,2025-12-02 05:06:03.579769
37,Jennifer,Farley,adrienne12@example.com,Germany,West Jennifer,2025-09-09 06:08:39.941180
38,Joanna,Browning,lsmith@example.com,Iran,East Philip,2026-07-21 03:03:56.564403
39,Douglas,Wallace,kellynelson@example.org,Saint Barthelemy,East Joland,2026-02-19 09:54:08.697989
40,Charlene,Hernandez,markjackson@example.org,Brunei Darussalam,Roseshire,2024-12-27 22:25:18.344749
41,Sally,Jones,rhonda89@example.net,Turkmenistan,Lake Kelly,2026-02-27 02:21:42.278093
42,Jacob,Alexander,samanthaellis@example.com,New Zealand,Alexanderburgh,2026-07-14 18:42:03.409374
43,Melissa,Moore,martindenise@example.org,Libyan Arab Jamahiriya,Jonathanfort,2025-09-02 09:29:51.503667
44,Jessica,Bates,sharon80@example.net,United States of America,Delgadoshire,2025-03-07 02:42:04.893093
45,Amanda,Morgan,omiller@example.com,Costa Rica,West Michaelberg,2026-05-14 11:00:17.888592
46,Ryan,Lindsey,lisavelasquez@example.com,Cape Verde,New Darrellfort,2025-01-21 18:20:45.814371
47,Carrie,Blair,yromero@example.net,Mayotte,Richardborough,2025-10-17 04:12:53.608780
48,Lori,Bailey,elizabethdonovan@example.org,Romania,Campbellmouth,2025-01-06 00:19:08.696993
49,Sharon,Greene,theodoremacias@example.org,Peru,Vernonville,2025-11-07 23:45:40.685758
50,Brian,Lopez,george23@example.net,Saint Pierre and Miquelon,East Thomas,2025-02-20 03:04:32.553005
51,Jeffrey,Green,ysmith@example.com,Svalbard & Jan Mayen Islands,Dannyshire,2025-11-24 10:34:40.331897
52,Mary,Jarvis,matthewcarpenter@example.org,Yemen,East Tammy,2025-12-28 10:50:39.061255
53,Randy,Williams,porterkylie@example.org,Nicaragua,Leeville,2026-05-01 06:46:28.394821
54,David,Houston,hernandezalexander@example.net,Denmark,South Francisco,2025-01-30 23:20:08.332510
55,Daniel,Lee,joan16@example.org,Swaziland,Davisside,2025-07-05 14:18:46.189456
56,Scott,Phillips,aaronerickson@example.net,Wallis and Futuna,Scottview,2026-02-05 05:04:39.948216
57,Cindy,Reynolds,ericakelly@example.org,Myanmar,Alvarezchester,2025-06-25 01:51:40.713110
58,Alexandra,Maldonado,rgreen@example.com,Grenada,New Joel,2024-12-06 22:35:21.790580
59,Michelle,Howe,angelhernandez@example.net,Indonesia,Mcleanland,2025-11-22 17:24:49.547417
60,Gabrielle,Nunez,ewhite@example.com,Niue,West Lisa,2024-11-09 18:45:27.780008
61,Andrea,Jordan,anthonystephens@example.com,Cocos (Keeling) Islands,Jessicaburgh,2025-05-10 19:05:49.717407
62,Yvonne,Knox,barbaralopez@example.org,Dominican Republic,New Linda,2025-08-07 22:10:01.533680
63,Jacob,Cruz,ricardo15@example.com,Eritrea,Lake James,2025-03-30 10:18:40.757010
64,Allison,Parsons,veronicacain@example.org,Montenegro,Bennettstad,2026-04-22 22:51:18.491092
65,Kathryn,Jimenez,sarahgibbs@example.com,Belarus,South Davidshire,2026-05-22 23:04:15.300994
66,Kayla,Wells,martinezalyssa@example.org,Falkland Islands (Malvinas),Christopherhaven,2025-08-18 01:34:06.970646
67,Joshua,Gillespie,llivingston@example.org,Croatia,Parkerbury,2025-04-02 05:26:33.021493
68,Jack,Vaughn,craig68@example.org,Cocos (Keeling) Islands,Rodriguezshire,2025-01-12 17:07:12.021470
69,Mason,Molina,ngonzalez@example.org,Finland,Lake Ryan,2025-09-28 10:23:10.257154
70,Cindy,Morales,natalie51@example.org,Tuvalu,Lake Ashleyside,2025-09-13 19:27:01.404231
71,Jermaine,Hunt,omcclure@example.net,Belarus,West Steven,2026-01-20 08:07:43.148228
72,Melissa,Sloan,jacksonmelissa@example.com,Micronesia,Laurenfurt,2024-09-25 15:18:31.028930
73,Jason,Tucker,terri08@example.org,Poland,Lake Lisa,2026-02-11 08:35:12.277288
74,Kevin,Olson,qrubio@example.com,Fiji,Spencerview,2025-03-31 03:44:04.250922
75,Brian,Wood,michael71@example.com,Samoa,New Ashleymouth,2024-10-07 05:10:11.946048
76,Tony,Elliott,samuel82@example.net,Jordan,New Stacey,2025-07-05 23:17:57.971203
77,Lee,Pittman,jason97@example.org,Hungary,South Samanthafurt,2026-02-27 00:25:20.954164
78,Katherine,Campbell,bmorgan@example.org,Honduras,New Alexandriachester,2026-06-14 13:44:58.444780
79,Kelly,Beasley,garcialee@example.net,Israel,Luiston,2025-09-21 01:34:23.278140
80,Monica,Ross,thomasandrew@example.org,Andorra,North Sarah,2025-11-11 09:55:56.057911
81,Crystal,Morrison,anitanoble@example.net,Kyrgyz Republic,West Charlesberg,2026-04-01 22:59:57.063797
82,Kristina,Freeman,perrylinda@example.org,Togo,East Howardshire,2025-04-30 09:00:15.824093
83,Megan,Martinez,michaelhawkins@example.com,Libyan Arab Jamahiriya,Perryville,2025-03-12 18:23:57.936544
84,Robert,Brown,ryan92@example.com,Gibraltar,Port Daniellestad,2025-04-06 04:33:25.674247
85,Edward,Marshall,cathylarson@example.net,United States Virgin Islands,Chelseystad,2025-07-06 19:52:38.707904
86,Joseph,Jacobson,ydavis@example.net,American Samoa,New Jessica,2025-08-24 09:19:47.868092
87,Karen,Moran,mary47@example.com,Wallis and Futuna,Fritzville,2026-06-22 13:53:17.358039
88,Paul,Brown,amy36@example.net,Uganda,South Rickton,2026-05-20 05:01:02.199936
89,Linda,Campbell,browngary@example.net,Guernsey,New Ericville,2026-04-17 04:47:10.557527
90,Sarah,Floyd,tthompson@example.org,Iraq,Christopherland,2026-02-23 20:44:40.885383
91,James,Adams,tonyfrench@example.com,Bhutan,Cameronberg,2024-08-10 06:48:21.218883
92,Alex,Forbes,xwarner@example.com,Nicaragua,West Andrew,2026-03-10 03:34:19.746644
93,Joseph,Moore,brittanyhernandez@example.org,El Salvador,North Robertamouth,2024-12-15 17:38:35.533350
94,Terri,Boyd,leedaniel@example.com,Philippines,Lake Charlesberg,2024-11-16 17:42:47.381123
95,Leslie,Perez,kathleen34@example.com,Turks and Caicos Islands,New Brendaborough,2026-02-01 21:46:30.222112
96,Andrew,Alexander,pattersondarin@example.com,Palestinian Territory,East Vanessa,2025-04-02 13:50:18.481290
97,Gary,Ward,jgomez@example.org,Saint Kitts and Nevis,South Heatherborough,2025-04-30 12:30:41.605466
98,Evelyn,Miller,jonathan72@example.com,Latvia,West Jennifertown,2025-04-02 00:47:43.503018
99,Tiffany,Davis,jimeneztara@example.com,Grenada,East Christopher,2025-06-11 18:44:39.897004
100,Jacob,Long,scott41@example.org,Namibia,North Timothyview,2025-03-30 23:23:08.333025
101,Stephanie,Berry,aguirremindy@example.net,Mayotte,Jerryhaven,2026-06-28 22:12:01.341795
102,Christina,Huff,shelley61@example.com,Faroe Islands,Kellyburgh,2024-09-21 11:04:39.495477
103,Laura,Sullivan,robertsjohn@example.com,Cote d'Ivoire,Joelchester,2024-12-15 18:26:51.279970
104,Denise,Klein,hschwartz@example.org,Mongolia,Lynchshire,2025-02-08 14:44:48.820303
105,Paige,Chang,ifritz@example.com,Cocos (Keeling) Islands,South Gregory,2025-10-17 02:26:16.875448
106,Laura,Lang,upatterson@example.com,Italy,North Samantha,2024-09-07 08:43:29.484751
107,Samantha,Gonzalez,deanamber@example.com,Djibouti,New Jeremiahport,2025-10-26 19:33:40.854910
108,Richard,Drake,cmoore@example.com,Serbia,North Alexanderborough,2025-05-16 00:35:02.564973
109,Christopher,Oconnor,joshua96@example.org,Madagascar,West Haydenport,2026-02-23 07:27:30.341698
110,Jasmine,Acevedo,pjohnston@example.com,Sri Lanka,Alyssaberg,2025-11-04 21:56:19.761194
111,Ashley,Patterson,thamilton@example.net,New Caledonia,Port Elizabeth,2025-07-31 13:38:05.369474
112,Michael,Griffin,lyonsscott@example.net,United States Virgin Islands,Thompsonstad,2026-05-19 06:23:33.117506
113,Scott,Barnett,brittney25@example.net,Australia,North Edward,2025-07-04 01:08:12.243259
114,Patricia,Martinez,simsjanet@example.org,Yemen,West Tara,2024-08-21 18:50:42.551303
115,Margaret,Mcdaniel,davidturner@example.com,United Kingdom,Lake Jonathan,2024-09-08 19:39:00.555010
116,John,Thompson,harrisryan@example.com,Saint Martin,East Erichaven,2024-08-12 16:07:19.549638
117,Michael,Rivera,lucaskatie@example.org,Colombia,Fisherbury,2026-07-27 04:14:42.312854
118,Donna,Brooks,vgarcia@example.com,Zimbabwe,West Janet,2025-04-29 17:55:54.797134
119,Tyler,Lester,nmcclure@example.com,Tajikistan,Smithland,2025-02-08 23:27:24.746550
120,Ashley,Evans,april09@example.com,Bosnia and Herzegovina,Maryfurt,2025-02-11 12:15:52.561266
121,Christopher,Reilly,corey80@example.org,Solomon Islands,Johnsonchester,2026-04-19 20:33:11.243042
122,David,Webster,nturner@example.com,United States Virgin Islands,Ferrellfort,2026-02-27 21:25:35.730079
123,Mitchell,Torres,kingmarcus@example.com,Cocos (Keeling) Islands,Franciscoberg,2025-04-19 14:12:54.162245
124,Jacqueline,Ryan,torresgabriel@example.org,Liechtenstein,Lake Ashley,2025-02-27 17:28:25.688715
125,Tyrone,Fisher,mhall@example.com,Guinea,Shawton,2025-10-17 07:22:02.233611
126,Stephen,Lewis,qmcclain@example.org,Finland,New Vickiebury,2026-06-21 14:33:34.229530
127,Warren,Walton,qjohnson@example.com,United States Virgin Islands,North Eugenebury,2026-07-09 12:56:07.945683
128,Elizabeth,Harris,trevorscott@example.com,Switzerland,Port Andreamouth,2026-07-19 19:41:38.760394
129,Stephanie,Smith,craig75@example.org,Cote d'Ivoire,Lisaview,2025-02-27 21:55:05.317379
130,Crystal,Nelson,gabriellefields@example.net,Malta,Nicholastown,2025-06-12 07:59:26.628878
131,Rebecca,Mitchell,stewartkathleen@example.com,Anguilla,Karenburgh,2025-09-30 06:27:37.867642
132,Jason,Faulkner,rsingh@example.com,Jersey,Port Thomasmouth,2024-08-21 09:12:55.522139
133,Emily,Macias,victoria41@example.com,Solomon Islands,Williamsstad,2026-02-19 10:42:00.149102
134,Ryan,Brown,wesley45@example.net,Christmas Island,Williamsland,2025-05-31 00:17:19.949724
135,Cheryl,Brooks,paulpowell@example.org,Kuwait,Lake Nicholas,2026-05-04 03:43:06.106926
136,Virginia,Guzman,kimberlybrooks@example.com,Cook Islands,West Beckymouth,2026-07-18 19:29:17.177797
137,Elijah,Banks,gravesmelissa@example.org,Egypt,New John,2026-07-19 10:33:00.329171
138,Gregory,Leblanc,evelyn11@example.net,Pitcairn Islands,Lake Adamfurt,2025-01-20 06:40:54.245577
139,David,Spencer,cwatkins@example.org,Afghanistan,Stephensonland,2025-09-24 07:07:27.685855
140,Richard,Clark,martin26@example.org,Chile,East Patrick,2026-06-24 03:02:33.855740
141,Alexander,Cobb,williamlopez@example.org,New Zealand,Lake Sarastad,2026-02-13 04:03:18.526442
142,Thomas,Snyder,aforbes@example.org,South Africa,Francotown,2025-01-13 11:11:56.063728
143,Zachary,Campos,xjackson@example.net,United Kingdom,Wallchester,2025-09-30 02:56:38.706538
144,David,Ramos,dcohen@example.org,South Georgia and the South Sandwich Islands,Port Samuelshire,2026-06-18 19:57:53.606738
145,Tyler,Owens,thomasrichard@example.net,Equatorial Guinea,Woodschester,2024-12-16 08:35:17.060218
146,Russell,Ewing,gordonkatie@example.org,Japan,Birdshire,2025-08-13 00:38:34.505269
147,Shannon,Hall,wmolina@example.net,Argentina,Patriciatown,2025-02-06 00:43:09.254165
148,Lauren,Dalton,shelly70@example.org,Samoa,Lake Christopher,2024-09-16 01:52:24.818939
149,Chad,Mcgee,alexmeyer@example.com,Kyrgyz Republic,South Angelstad,2024-10-14 06:11:33.132981
150,Scott,Wilson,catherinejuarez@example.com,Reunion,Davidville,2024-11-29 17:48:04.886587
151,Kimberly,Christensen,hensleywilliam@example.org,Slovenia,Stephenborough,2025-02-12 00:05:38.936423
152,Candace,Daniels,parkerelizabeth@example.com,Somalia,Richbury,2024-09-10 06:28:34.988312
153,Mackenzie,Boyer,moondiana@example.org,Benin,South Lindsay,2025-12-23 06:22:36.064876
154,Stephanie,Johnson,qdillon@example.com,United States of America,Caseton,2026-05-29 16:29:06.580778
155,Catherine,Cardenas,derrick37@example.com,Russian Federation,South Nicholasfort,2025-03-27 15:28:23.917772
156,Tracey,Jacobson,ryanmarshall@example.org,Cuba,Murphyhaven,2026-01-11 06:26:28.701691
157,Jared,Sexton,jjackson@example.net,Latvia,North Melissaside,2025-06-11 03:33:22.146515
158,Mary,Taylor,zdavis@example.net,Nicaragua,New Ashley,2025-12-23 15:33:17.927584
159,Benjamin,Conway,wreynolds@example.org,Poland,Michaelberg,2026-01-24 21:39:33.621589
160,Jessica,Delacruz,millernicole@example.net,New Zealand,Maryfort,2025-07-21 16:07:04.392839
161,Angela,Lambert,melissa96@example.com,Cayman Islands,Port Monica,2025-02-26 00:09:36.035871
162,Craig,Matthews,tinacollins@example.com,Kenya,South Lisaborough,2025-07-02 20:55:15.923618
163,Matthew,Thomas,nicole70@example.org,Kenya,Brandonton,2025-11-25 04:03:13.432166
164,Lisa,Lee,robertsgabriel@example.net,Tuvalu,Lewisburgh,2026-03-15 19:19:22.703945
165,Robert,Rice,wgonzalez@example.com,Cocos (Keeling) Islands,Nguyenport,2026-04-05 19:44:24.585150
166,Natasha,Mccoy,brownchad@example.com,France,Jenniferchester,2026-06-24 11:58:52.472458
167,Jessica,Copeland,thomasdyer@example.org,Yemen,Jasonside,2025-11-26 22:46:17.200602
168,Holly,Schmidt,simpsondavid@example.org,Burundi,New Cheyenneborough,2024-10-19 20:20:52.742747
169,Derek,Fowler,tammyrichmond@example.net,El Salvador,Brandonmouth,2026-02-08 16:28:41.003390
170,Timothy,Cummings,hansonbrianna@example.net,Fiji,East Edwardhaven,2024-08-08 11:08:36.310495
171,Lauren,Anderson,josephsteele@example.net,Eritrea,South Lisaland,2025-10-22 18:43:10.866169
172,Mary,Garcia,tyrone87@example.com,Faroe Islands,Port Tinamouth,2026-02-11 13:28:21.954900
173,Larry,Mann,nicole85@example.org,Moldova,Jessicabury,2024-12-10 13:17:30.823991
174,Heather,Romero,velezscott@example.org,Central African Republic,Lake Theodoreport,2026-04-05 14:13:39.738773
175,Gregory,James,michael02@example.net,Latvia,Kaitlynton,2026-05-16 00:00:40.517810
176,Thomas,Nelson,melissa86@example.org,Malawi,Jonesview,2026-07-22 09:37:26.995656
177,Donald,Schultz,moyerwilliam@example.com,Faroe Islands,Antonioville,2025-09-09 10:22:25.906518
178,Tina,Webb,nortonkatherine@example.org,Kuwait,Amandafurt,2025-10-09 15:34:29.823339
179,Zachary,Brown,kristy47@example.com,Denmark,Pattersontown,2025-06-13 00:03:14.535435
180,Michelle,Wheeler,collinsmary@example.org,Azerbaijan,Burkeshire,2025-02-02 17:04:38.825152
181,Thomas,Moore,maxwellvirginia@example.net,Philippines,New Kellyside,2026-03-15 05:12:40.503589
182,David,Nguyen,bradleyleroy@example.net,Armenia,New Jose,2026-07-06 07:33:05.817290
183,Kendra,Brown,william11@example.com,Lao People's Democratic Republic,West Sabrinaside,2025-11-26 10:29:20.524253
184,John,Shaw,thomas24@example.net,Ireland,Grossborough,2025-02-21 19:38:42.126330
185,David,Hall,jaclynsmith@example.org,Swaziland,Lake Ashley,2026-05-19 07:04:02.538818
186,Jennifer,Reeves,susan61@example.org,Cuba,Garciaview,2025-03-04 22:16:03.308266
187,Melissa,Price,bedwards@example.net,Guyana,Orrberg,2026-05-19 09:54:58.439685
188,Ian,Terry,youngterry@example.net,Bolivia,Greeneside,2025-12-03 21:39:01.598305
189,Sarah,Ramos,krystal36@example.org,Congo,Lake Darius,2024-10-31 08:10:21.696846
190,Michael,Black,amanda96@example.com,Azerbaijan,Shortburgh,2024-08-16 12:36:40.840120
191,Patricia,Berg,morrismeredith@example.com,Saint Kitts and Nevis,South Tylermouth,2026-04-11 01:24:26.646433
192,Sara,Campbell,katrinagray@example.org,Congo,Angelaport,2024-09-02 02:46:29.530538
193,Rachel,Cervantes,fredcantu@example.net,Angola,Smithport,2024-12-08 04:32:26.103674
194,Lisa,Franklin,pharrison@example.org,Micronesia,New Tina,2024-10-21 18:06:11.346615
195,Mark,Martinez,alex97@example.net,Grenada,Fullermouth,2026-03-18 15:21:29.962960
196,Marcus,Gilbert,williamwebb@example.org,Cambodia,Kathyberg,2025-12-19 17:57:04.192547
197,Peter,Howard,patriciaortega@example.net,Greenland,Josephton,2026-04-04 06:56:03.641757
198,Michelle,Gibson,hrobinson@example.org,Japan,Schmidtport,2025-10-21 04:44:15.831578
199,Ryan,Williams,uthomas@example.com,Afghanistan,West Brenda,2024-11-14 21:24:00.905259
200,Eric,Johnson,powersamanda@example.org,Equatorial Guinea,Christianfort,2025-12-02 03:42:17.095908
201,Valerie,Walker,luceroandre@example.com,Reunion,Port Robertport,2026-03-18 19:10:26.412981
202,Zachary,Ward,ramoserin@example.com,Costa Rica,Jeffreybury,2026-07-12 00:25:43.324574
203,Caleb,Gonzalez,watersstefanie@example.org,Botswana,Port Patricia,2025-01-01 16:51:04.051371
204,Oscar,Snyder,bgonzales@example.com,Malta,West Margaret,2024-09-19 18:56:21.515331
205,Michael,Stone,johngordon@example.net,Costa Rica,Johnmouth,2026-04-03 18:28:08.658049
206,William,Keith,doylegregory@example.org,Mongolia,Marthaport,2026-04-20 15:56:04.607583
207,Michael,Williams,andrewbecker@example.org,Uzbekistan,Georgefurt,2024-08-11 12:41:33.226920
208,Charles,Hensley,georgediaz@example.com,Montserrat,East Randall,2025-12-10 05:12:44.408041
209,James,Rodriguez,patrick42@example.org,Bangladesh,Bryanmouth,2025-12-29 20:19:23.535123
210,Tina,Solomon,jennifer54@example.com,Fiji,Wardview,2026-01-02 10:42:07.416746
211,Alison,Richmond,vallen@example.net,Liechtenstein,Fordview,2026-05-30 03:11:57.911115
212,Jessica,Taylor,ericaguirre@example.com,Syrian Arab Republic,North Shannon,2025-12-15 09:54:13.719874
213,Rick,Howell,dennis64@example.net,Venezuela,North Samantha,2025-08-29 06:57:08.953695
214,Brian,Brown,bryantmichael@example.com,Philippines,Martinland,2026-03-09 15:10:15.409240
215,Susan,Gregory,lisa89@example.com,Nepal,Leviland,2026-06-09 18:51:12.979748
216,Tina,Bryan,sullivanjoshua@example.org,Papua New Guinea,Port Stacyport,2025-03-31 22:03:03.291503
217,Alyssa,Romero,janet84@example.org,Mauritius,East Benjaminfurt,2024-11-04 12:50:23.221278
218,Michael,Hurley,davidmiller@example.org,Guadeloupe,Huntberg,2025-05-19 21:31:27.793769
219,Michael,Lopez,leelogan@example.com,Lao People's Democratic Republic,Nicolestad,2025-07-31 15:31:42.038151
220,Marvin,Sutton,schang@example.org,Northern Mariana Islands,Griffinshire,2025-06-24 17:17:28.054060
221,Nancy,Hill,jrogers@example.net,Hungary,East Matthew,2024-11-10 07:31:29.654128
222,Jennifer,Peterson,thomasbrown@example.org,Yemen,Thompsonshire,2026-02-10 04:07:34.485524
223,Ronald,Smith,robertswillie@example.net,Jordan,Brandonton,2025-01-04 00:54:18.557276
224,Daniel,Wheeler,zjohnson@example.com,Fiji,Robertchester,2024-12-06 04:10:24.358227
225,Jonathan,Patterson,jennifer03@example.com,French Southern Territories,Taylorton,2024-09-25 11:09:23.201083
226,Haley,Hill,antoniowolf@example.org,Kazakhstan,Danielport,2025-08-10 12:30:06.941437
227,Katherine,Johnson,abigailwolfe@example.org,Romania,Port Jeffrey,2024-09-24 01:55:29.585354
228,Sarah,Horton,christopher08@example.net,United States Virgin Islands,Tommytown,2026-07-04 15:34:08.786458
229,Kimberly,Vasquez,wbaker@example.net,Jamaica,Charlesport,2025-05-31 05:09:41.784711
230,Jim,Flores,daniellewood@example.com,Nauru,Phillipsfurt,2025-11-23 07:53:10.000185
231,Michelle,Roberts,sarahgilbert@example.com,Bahrain,Archerport,2024-12-25 00:34:05.471195
232,Kenneth,Gonzales,williamsdaniel@example.net,Somalia,Carlahaven,2024-10-08 14:25:51.711663
233,Steven,Harmon,ojohnson@example.com,United States Minor Outlying Islands,Jenniferberg,2025-01-31 02:43:37.249264
234,Shelly,Stewart,annettekirk@example.net,Niue,South Nicole,2025-07-28 18:15:59.334273
235,Dana,Smith,martinezjohn@example.com,Brunei Darussalam,New Williamtown,2025-07-29 07:18:09.470613
236,Phillip,Mclaughlin,maryjensen@example.net,Mexico,Port Stacy,2025-08-22 11:28:13.573737
237,Jennifer,Oconnell,angelicaolson@example.com,Israel,Hunterport,2026-02-20 16:09:33.918997
238,Carolyn,Yang,megan37@example.org,Costa Rica,New Aimee,2026-07-17 01:03:12.568557
239,Gabriel,Frazier,laurarobertson@example.org,Nepal,West Francischester,2025-03-11 04:54:21.951873
240,Timothy,Larsen,christineharris@example.org,Madagascar,West Ashley,2025-09-16 20:51:47.005662
241,Frank,Turner,tammyjames@example.com,Guadeloupe,West James,2024-12-14 23:50:49.755546
242,Suzanne,Adams,hernandezzoe@example.net,Guernsey,South Francesfurt,2025-06-04 09:37:09.881804
243,Ian,Clark,mark30@example.net,United States of America,Penningtonfort,2025-07-21 11:50:12.603102
244,John,Hill,alishashannon@example.com,Greenland,South Steventown,2026-05-17 07:16:59.346409
245,Eric,Cole,evansjennifer@example.net,Congo,North Rachel,2025-01-12 19:30:20.100722
246,Timothy,Lloyd,kenneth71@example.com,Guinea-Bissau,Chavezberg,2026-06-17 16:48:14.635682
247,Gina,Crawford,amanda83@example.org,Christmas Island,Lake Susan,2026-03-25 06:13:43.502997
248,Gary,Stark,karen40@example.net,Nigeria,West Angelaland,2026-06-17 05:17:59.017931
249,Patricia,Jenkins,christinegarcia@example.com,Poland,Christinaland,2025-11-07 19:13:36.654282
250,Walter,Young,erikbrown@example.net,Canada,West Deborah,2024-10-30 06:09:08.204256
251,Tony,Jones,tsmith@example.com,Belarus,Parksview,2025-04-22 19:38:18.108689
252,Marissa,Johnson,ronald38@example.org,Tuvalu,New Jacobstad,2026-02-02 20:01:15.086244
253,Kim,Fisher,townsendkimberly@example.net,Brazil,South Christopherbury,2025-04-15 10:58:55.793694
254,Ashley,Hernandez,lynnrobinson@example.com,Ghana,Port Staceyside,2025-05-13 17:21:59.868748
255,Brendan,Wright,tara53@example.org,India,New Michaelhaven,2026-02-03 09:24:48.901374
256,Scott,Hanson,sallen@example.com,Montenegro,South Gregory,2025-01-29 23:52:47.494044
257,Alexis,Welch,rhodesrhonda@example.org,Isle of Man,West Annafurt,2026-02-22 18:28:06.449098
258,John,Roberts,stephaniegarrison@example.org,Cape Verde,Robertchester,2026-05-01 10:03:30.859447
259,Marc,Mcintyre,perezjason@example.net,Ecuador,South Melissa,2025-12-21 12:10:37.510623
260,Alexander,Maxwell,weekskyle@example.com,Liechtenstein,Myerschester,2025-09-02 23:35:18.673227
261,Erika,Mcneil,kylie68@example.net,Spain,Lake Sydneyside,2026-04-30 16:12:04.744314
262,Kristen,King,bennettdennis@example.org,Montserrat,Brookshaven,2026-01-13 16:42:08.611732
263,Jennifer,Hicks,jcook@example.net,Syrian Arab Republic,Tomhaven,2026-03-14 14:22:09.529081
264,Benjamin,Crawford,xryan@example.com,Hungary,East Tracie,2025-06-01 18:47:00.868606
265,Steven,Fields,stewartamy@example.org,Chile,Lake James,2024-09-05 14:29:17.369001
266,Wendy,Martinez,wwhite@example.com,Belize,Lake Danny,2026-07-24 14:01:16.613230
267,Tara,Woodward,ginabean@example.net,Chad,Scotthaven,2026-06-18 12:59:53.591881
268,Nicole,Flores,banksmatthew@example.com,Palestinian Territory,Lake Daniel,2025-04-09 22:48:31.216149
269,Paul,Jacobson,middletondanielle@example.org,Hong Kong,Port Johnathan,2025-01-30 19:18:28.973273
270,Rhonda,Tucker,erikazimmerman@example.net,Croatia,Lake Markshire,2026-04-02 22:02:44.058174
271,Larry,Morris,vtodd@example.net,Guam,Lake Marissa,2026-07-01 03:54:21.188396
272,Teresa,Harrington,elizabeth93@example.com,Iceland,Becktown,2026-06-22 01:40:49.824593
273,Mark,Blackwell,princejennifer@example.net,Bosnia and Herzegovina,Hatfieldmouth,2026-07-19 02:00:24.331514
274,David,Bryan,kristophersummers@example.net,Panama,East Kari,2026-01-13 00:47:35.893121
275,Stacey,Williams,craig34@example.org,Eritrea,Taylorburgh,2026-07-21 21:08:31.869782
276,Kristin,Blankenship,sstrong@example.com,Ukraine,Toddstad,2025-07-22 02:57:50.468911
277,Ann,Monroe,butlerjason@example.org,Western Sahara,Perrymouth,2025-08-10 11:58:57.550106
278,Laura,Reid,dixonjeremy@example.org,Montenegro,Garciaville,2025-05-25 13:04:48.818257
279,Erica,West,jsmith@example.net,Kiribati,Owenshire,2024-10-20 12:45:08.747721
280,Caitlyn,Edwards,burtonshannon@example.com,Montserrat,East Josephton,2024-10-04 10:51:38.217437
281,Christine,Guerrero,kristin60@example.org,Sao Tome and Principe,Leemouth,2025-12-22 20:52:31.488518
282,Heather,Chandler,jennyromero@example.net,Switzerland,Lake Ryan,2024-10-20 20:16:15.842839
283,Joseph,James,ogoodman@example.net,Solomon Islands,Moralesfurt,2024-08-18 10:24:02.956600
284,Bruce,Grimes,brocknancy@example.com,Mongolia,Bennettshire,2024-08-26 05:56:10.173709
285,Katie,Schwartz,ronald12@example.net,South Georgia and the South Sandwich Islands,Elainefurt,2025-11-12 05:50:18.484637
286,Jessica,Smith,tuckerstephen@example.org,Haiti,Lake Frank,2025-02-25 17:09:37.305302
287,Julia,Flores,amber84@example.org,Greece,South Denise,2026-02-10 13:50:58.284722
288,James,Smith,kathryn65@example.org,Cuba,Warnerchester,2025-12-10 16:56:42.356898
289,Christopher,Newman,michaellewis@example.org,Congo,North Nicole,2025-09-01 20:32:31.637301
290,Dylan,Baxter,ecampbell@example.com,Saint Martin,Nicholasfort,2026-02-22 23:05:05.126180
291,Brian,Keller,qpittman@example.com,Slovenia,Prattburgh,2025-05-07 10:06:44.507565
292,Luis,Graves,joseph40@example.org,Poland,Mariabury,2025-06-07 16:51:25.678080
293,Stefanie,Santos,ashleyellis@example.org,Saint Helena,Washingtonville,2024-10-05 21:17:39.442476
294,Heather,Orozco,devin08@example.com,Finland,Erinmouth,2024-10-17 00:24:46.352244
295,Angela,Sharp,estradadavid@example.org,Monaco,Lake Kristina,2025-12-13 16:14:22.326903
296,Larry,Evans,lisa77@example.net,Israel,Elliottfort,2025-10-12 19:18:22.459576
297,Frederick,Nguyen,joshuaoliver@example.com,Guadeloupe,Laurashire,2025-03-08 04:21:37.526536
298,Virginia,Washington,daniellegreene@example.org,Falkland Islands (Malvinas),Rayborough,2026-06-30 02:24:51.330072
299,Renee,Long,evansjonathan@example.org,Namibia,West Aaronchester,2024-09-14 04:09:56.964054
300,Daniel,Johnson,david44@example.com,Philippines,Ashleyberg,2026-07-01 11:13:35.046530
301,Patrick,Baker,whitney68@example.net,French Guiana,South Susantown,2025-08-20 06:17:28.551066
302,Alexandra,Becker,johnjones@example.com,Belarus,North Lorishire,2026-02-21 00:31:17.402010
303,Adam,Russo,harrisondavid@example.com,Maldives,Lake Nicholas,2025-03-18 00:40:05.259057
304,Rebecca,Allen,umartin@example.net,Tonga,Port Michael,2026-05-10 01:48:32.264033
305,Maria,West,turnerkatelyn@example.net,Portugal,East Michael,2026-04-09 21:01:03.007068
306,Whitney,Hill,taylor11@example.com,Saint Lucia,New Mary,2025-02-23 03:44:54.300733
307,Miguel,Clark,jesusthomas@example.com,Ukraine,Walterberg,2024-12-03 15:31:04.248122
308,Dylan,Howell,tylerboyd@example.org,Haiti,Port Thomas,2026-05-18 22:44:15.994745
309,Olivia,Simpson,sheilabentley@example.org,Holy See (Vatican City State),Port Paul,2025-01-02 10:13:27.491616
310,Tiffany,Marks,cynthia34@example.org,Portugal,Starkview,2025-10-08 18:19:47.513189
311,Andrea,Proctor,jsmith@example.org,Lebanon,East Stevenshire,2026-04-17 08:36:23.042147
312,Jason,Holt,aschmidt@example.net,Guyana,Lake Lori,2026-03-07 06:08:28.690035
313,Matthew,Banks,samuel52@example.net,Faroe Islands,Bethstad,2026-07-20 21:36:58.962389
314,Margaret,Brooks,anne43@example.org,Gabon,Cartertown,2025-11-25 20:31:20.243141
315,Thomas,Holmes,willie95@example.com,Romania,North Bradleyton,2026-05-25 17:05:29.702488
316,Sierra,Lewis,douglas73@example.com,Trinidad and Tobago,Jamesshire,2025-08-16 13:09:00.038801
317,James,Hall,shepherdmark@example.net,India,Smithview,2025-07-31 02:47:21.184593
318,Mark,Porter,tiffany24@example.org,Dominican Republic,Schwartzland,2026-04-23 22:14:41.907800
319,Kelly,Alvarado,sampsonsamuel@example.com,Jordan,Cobbborough,2025-11-11 00:27:42.697540
320,Crystal,Chase,michaelnelson@example.com,Svalbard & Jan Mayen Islands,Sabrinaville,2026-03-10 16:48:15.616956
321,David,Curtis,debradixon@example.net,Algeria,New Jillburgh,2026-07-24 01:06:37.564172
322,Tyler,Baxter,fieldslarry@example.com,United Kingdom,Reneetown,2025-03-28 17:21:11.744851
323,Peter,Rodriguez,ymartin@example.org,Guinea-Bissau,Lake Shannonfort,2025-11-04 07:08:12.319488
324,Edward,Fleming,james25@example.net,Finland,Brandyberg,2024-09-17 02:28:50.093367
325,Amy,Swanson,dustintaylor@example.org,Netherlands,Port Sarah,2025-01-15 05:14:58.670220
326,Juan,Bullock,samanthaconrad@example.net,Zimbabwe,South Cory,2026-01-11 03:47:38.605833
327,Teresa,Parks,raymondhall@example.net,Nigeria,Myersburgh,2026-02-24 14:36:00.737323
328,Stacey,Williams,vkidd@example.org,Guinea,South Victorhaven,2025-11-25 21:16:59.530101
329,Diana,Stein,johncruz@example.net,Myanmar,Jeremyside,2024-08-18 17:32:16.095438
330,Kayla,Mills,ibutler@example.org,Korea,New Paulbury,2025-12-21 09:01:29.963187
331,David,Riley,xvaldez@example.net,Germany,Heatherport,2024-08-15 02:48:17.998041
332,Michael,Green,keithdean@example.com,Georgia,Port Brandon,2024-08-26 00:00:14.947769
333,Marc,Ball,ngonzalez@example.com,Gambia,Jeffreyhaven,2024-11-02 07:06:20.001881
334,Alexis,Moore,rebecca73@example.net,Oman,West Rebecca,2025-12-13 01:37:59.899378
335,Evan,Whitaker,alexis58@example.net,Uganda,Lake Timothy,2024-09-06 04:08:13.613120
336,Suzanne,Foster,brittanyclements@example.org,Turkey,Davidport,2026-01-06 20:18:07.019703
337,Rebecca,Curtis,grantlisa@example.org,Portugal,Laurachester,2026-05-28 15:19:28.622776
338,John,Sanchez,francisian@example.org,Ghana,Colleenton,2025-02-25 02:37:18.730248
339,James,Hunter,kathleen70@example.com,Italy,East Derek,2024-10-29 14:15:56.189684
340,Randy,Payne,laurieolsen@example.org,Panama,North Williamhaven,2024-10-29 03:19:52.270847
341,Angela,Nunez,jack88@example.net,Grenada,South Samanthashire,2025-01-13 22:33:30.003448
342,Christina,Lawson,vazquezjessica@example.com,Libyan Arab Jamahiriya,Stephanieport,2026-04-09 03:09:49.808529
343,Erin,Rios,howellsean@example.org,United States Virgin Islands,Justinfort,2024-12-08 08:53:54.395457
344,James,Lawrence,jrivera@example.com,Jersey,Brooksside,2026-05-03 18:30:09.925395
345,Hannah,Johnson,daniellemarsh@example.net,Palestinian Territory,Garyborough,2025-03-28 12:02:18.033244
346,Steven,Young,allenmills@example.com,Ireland,Schneidermouth,2026-07-19 20:05:04.937847
347,Christy,Chan,catherine95@example.net,Bahrain,East Douglas,2026-01-31 08:13:37.370294
348,Heather,Bradley,randycollier@example.org,Ethiopia,Port Anthony,2025-11-13 13:19:55.311647
349,Ricardo,Johnson,hartolivia@example.com,Somalia,Youngstad,2026-02-11 21:50:18.985077
350,Jennifer,Copeland,timothymay@example.net,Niger,North Thomasshire,2025-11-24 02:19:53.144602
351,Rachel,Krause,cnelson@example.net,Mayotte,Port Jamestown,2026-01-31 19:52:34.906774
352,Sarah,Lyons,vvazquez@example.net,Niger,Rodriguezhaven,2025-07-07 11:08:52.745364
353,Joseph,Walsh,fschmidt@example.com,Japan,East Michelleview,2026-06-15 01:57:28.900924
354,Bradley,Wells,villarrealvalerie@example.com,Slovenia,Lorishire,2025-02-24 14:46:40.205985
355,Jessica,Sanders,sarah65@example.com,Kazakhstan,Charlesbury,2024-10-08 14:44:19.293136
356,Daniel,Baker,greerkelly@example.net,Marshall Islands,Castilloview,2024-09-23 19:20:05.198681
357,James,Garcia,laurie83@example.org,French Polynesia,West Thomas,2025-12-29 18:27:29.351574
358,Joseph,Barron,jared29@example.org,Aruba,Josephton,2025-09-13 09:04:07.318840
359,Mary,Norris,hhall@example.com,Hungary,South Mark,2026-07-27 22:00:07.161045
360,Justin,Sanchez,warrenchristopher@example.org,Latvia,Michaelborough,2026-05-05 03:16:51.709697
361,Susan,Perez,kramerdavid@example.org,Nigeria,Port Todd,2026-06-27 09:31:00.921509
362,Howard,Smith,catherinethomas@example.net,Heard Island and McDonald Islands,West Manuelville,2025-11-05 11:49:12.741046
363,Richard,Salinas,brandon67@example.net,Monaco,New Carrie,2026-02-06 20:22:57.803259
364,Samantha,Williams,kelleybarbara@example.org,Myanmar,Thomasland,2026-01-20 10:59:02.584479
365,Brent,Rose,john07@example.net,Saint Pierre and Miquelon,South Jonathanchester,2026-07-12 17:26:11.551765
366,Samuel,Harris,hmcdonald@example.net,Argentina,Turnerville,2026-06-28 00:37:17.530154
367,Kara,Thornton,crystalhansen@example.com,Pakistan,Mccoyville,2024-11-05 17:44:37.029579
368,Steven,Young,allisonguzman@example.com,Norway,Matthewmouth,2025-10-16 19:44:57.752768
369,Joshua,Fox,drosario@example.org,North Macedonia,Howardshire,2025-06-07 09:14:45.965829
370,Jamie,Wright,melissa59@example.com,Panama,West Robert,2024-08-24 11:36:47.683628
371,Tiffany,Oneal,jessicareeves@example.org,American Samoa,Shannonland,2024-12-31 23:38:44.759862
372,Melissa,Palmer,brianrobertson@example.com,Saint Martin,Collinberg,2025-06-14 14:10:54.071077
373,Carrie,Foster,lucerocynthia@example.org,Saudi Arabia,Bradleyview,2025-01-17 01:30:57.767698
374,Mary,Morales,jeremyharris@example.net,Turkmenistan,Sherryville,2025-03-12 05:46:47.633510
375,Ryan,Phillips,ashlee54@example.net,Solomon Islands,Nelsonchester,2026-06-07 19:11:56.807940
376,Mary,Hughes,emilyhunter@example.org,Solomon Islands,Port Michaelfort,2025-12-14 11:29:37.423677
377,Sarah,Foster,brandon87@example.net,Tanzania,Grahamberg,2025-01-17 06:44:32.833576
378,Brittany,Gordon,ybrown@example.com,Armenia,Jasonburgh,2025-06-15 06:36:40.592428
379,Steven,Hernandez,ismith@example.org,Saint Vincent and the Grenadines,Richardview,2024-10-08 07:30:55.784491
380,Kristin,Smith,freemankrista@example.org,Montserrat,Stevensville,2024-10-16 18:06:15.510338
381,Kaitlyn,Collins,chernandez@example.com,Micronesia,Jacksonmouth,2025-01-30 19:56:17.714705
382,Jose,Hamilton,karinanixon@example.net,Wallis and Futuna,Port Annaport,2026-04-30 15:29:01.540031
383,Jennifer,Hunt,sgarcia@example.net,Armenia,Stephanieland,2025-03-02 18:40:46.622811
384,Miguel,Foster,andrewsmith@example.net,Kazakhstan,Lake Davidville,2025-05-21 23:08:06.159966
385,Joshua,Davis,zjenkins@example.org,Saudi Arabia,West Michelleport,2025-04-11 10:33:03.998911
386,Robert,Davis,jasminematthews@example.net,Niger,Brookshaven,2025-05-30 06:50:03.584765
387,Joseph,Miller,daniellevalenzuela@example.net,Bouvet Island (Bouvetoya),South Melvinshire,2025-06-27 16:29:08.436425
388,Brian,Grant,kristen80@example.com,Korea,West Gregorymouth,2025-02-21 18:26:49.775161
389,Michelle,Brown,jeffery62@example.net,Burundi,Mendezport,2024-08-07 21:22:41.901025
390,Benjamin,Morton,dpittman@example.org,Guam,Port Jasmine,2025-09-09 15:10:37.220565
391,Renee,Wilson,jessica70@example.org,Nicaragua,East Jennyside,2026-03-22 07:14:51.294447
392,Tiffany,Johnson,alyssahodges@example.org,Christmas Island,Kimburgh,2024-09-01 11:50:31.302871
393,Phillip,James,levirobinson@example.net,Gibraltar,Port Fernandomouth,2026-04-14 13:46:01.130329
394,Gregory,Salinas,hollybell@example.com,Myanmar,Boltonburgh,2025-03-28 11:46:13.338809
395,Amanda,Ortiz,jasmine19@example.org,Argentina,Port Brandonberg,2024-12-24 05:37:02.708615
396,Cody,Wagner,jonespaula@example.org,Qatar,Moralesberg,2025-08-17 09:48:25.002126
397,Brandon,Norton,sanchezdavid@example.com,Czech Republic,North David,2025-07-16 01:04:19.464793
398,Scott,Brown,charles04@example.org,Cayman Islands,Aprilside,2026-05-05 20:46:37.956354
399,Timothy,Frank,jeffrey70@example.org,Lithuania,New Laurieton,2025-08-24 22:34:43.185714
400,Jessica,Baker,david72@example.com,Argentina,Port George,2026-06-15 06:15:15.584184
401,Michelle,Hall,billy51@example.net,Timor-Leste,Hollandland,2025-11-14 23:06:13.592174
402,Richard,Nguyen,gjones@example.com,Turkey,Robinsonland,2025-03-18 17:05:16.399522
403,David,Holder,smithsteven@example.net,Cook Islands,Lunaton,2025-06-18 20:07:47.177730
404,Laura,Hall,melissa06@example.org,Trinidad and Tobago,Port Jessicaland,2025-07-05 02:03:13.024053
405,Ellen,Sanchez,robynhill@example.com,Moldova,Lake Victoria,2025-09-19 22:06:34.242379
406,Deborah,Barker,taylorbrianna@example.org,Saint Barthelemy,Port Jenniferberg,2026-03-23 03:56:18.335716
407,Nicole,Christensen,johnsonmarcus@example.com,South Africa,New Mitchellview,2025-01-13 08:15:26.076761
408,Joshua,Stewart,staceypotter@example.org,Cuba,Port Jessica,2025-02-02 14:46:59.164096
409,Kevin,Washington,qleon@example.net,Papua New Guinea,East Hunter,2024-10-14 12:57:45.710186
410,Angela,Caldwell,hwoods@example.net,Mauritania,New Tabithashire,2025-01-27 23:36:22.897291
411,Mitchell,Combs,rodriguezalexis@example.org,Paraguay,East William,2025-07-26 08:26:05.345361
412,Jodi,Porter,alexzimmerman@example.org,Oman,Amyport,2026-05-29 21:01:12.367145
413,Amanda,Avila,simsmichelle@example.net,Guinea,Boyleton,2026-06-20 05:08:57.343662
414,Margaret,Mathews,pereznicole@example.com,New Zealand,Smithville,2025-10-21 19:18:41.399649
415,Denise,Evans,russellcisneros@example.org,Saint Pierre and Miquelon,Kristintown,2026-03-09 12:04:15.030974
416,Ann,Smith,sarahdixon@example.net,Guam,Rogersport,2026-05-19 22:34:38.203717
417,Michael,Hicks,john49@example.net,Saint Vincent and the Grenadines,Williamsmouth,2025-01-02 11:19:14.692767
418,Michael,Bryan,marisahuerta@example.net,Chile,Wileyton,2026-07-26 19:52:11.256916
419,Nancy,Hale,chelseabennett@example.org,Cocos (Keeling) Islands,Jonathanfurt,2026-07-07 19:01:25.888788
420,Javier,Hamilton,pray@example.org,Isle of Man,Penaton,2025-01-09 08:31:59.500897
421,Laurie,Mason,richardwilliams@example.net,Bahrain,North Lisachester,2025-03-22 19:01:54.897098
422,Matthew,Burns,daniel01@example.net,Iran,Sanderstown,2024-10-23 03:36:46.901719
423,Brooke,Banks,nelsonmathew@example.net,Belize,South Teresa,2026-06-03 10:27:08.352232
424,Claudia,West,john62@example.com,Lesotho,Lake Joseph,2025-05-05 17:58:13.699394
425,Andrew,Lawson,jacquelinelawson@example.net,Congo,Davisberg,2025-11-11 22:45:33.239621
426,Emily,Williams,michelelawrence@example.net,Uruguay,North Dylan,2025-02-06 04:07:32.699613
427,Joshua,Dominguez,sguzman@example.net,Tunisia,West Michaelport,2025-06-14 22:56:09.790330
428,Courtney,Brown,rdelacruz@example.org,Namibia,Evanston,2026-02-22 18:44:32.638174
429,Anne,Patton,holly62@example.net,Central African Republic,East Thomashaven,2026-06-30 03:25:39.836300
430,John,Phillips,graynicole@example.org,Dominican Republic,Jamieland,2026-05-31 05:40:07.774183
431,Noah,Wright,davidanderson@example.com,Tanzania,West John,2025-05-03 01:24:35.918989
432,Vanessa,Walker,kingtammy@example.org,Puerto Rico,Evansville,2025-04-04 15:29:49.034018
433,Louis,Pratt,despinoza@example.org,Netherlands Antilles,Aaronton,2025-05-09 19:47:18.760445
434,Lisa,Fisher,ethan77@example.net,Cyprus,Trevorburgh,2025-12-11 06:40:18.856024
435,Gina,Hall,umclaughlin@example.org,Mayotte,Beckborough,2025-12-22 00:56:18.276389
436,Karen,Parker,kathleen16@example.net,Suriname,East Brittany,2025-12-08 17:48:31.856881
437,Stephanie,Whitaker,teresa06@example.org,Indonesia,South Jeanettehaven,2026-06-24 16:00:03.827894
438,Vincent,White,frankanderson@example.com,Turks and Caicos Islands,Thomasshire,2026-03-27 10:24:06.164499
439,Brandon,Cole,urobinson@example.com,Nicaragua,Christinaburgh,2026-07-22 19:09:36.991341
440,Calvin,Smith,welchjohn@example.com,San Marino,Port Christinebury,2026-06-09 10:55:32.715110
441,Erica,Young,walterjulia@example.net,Gibraltar,Lake Sherristad,2024-12-03 21:07:48.544414
442,Ariel,Hamilton,margaret99@example.net,Guam,Mayotown,2025-05-31 05:13:24.747622
443,Shane,Rivera,lopezrebecca@example.org,Iceland,Anthonyland,2026-06-26 22:58:57.728906
444,Vanessa,Davis,agarcia@example.net,Kuwait,Lake Thomasfurt,2024-08-21 04:01:25.449241
445,Amy,Williams,vanessalopez@example.net,British Virgin Islands,New Ariana,2024-09-05 13:09:23.786779
446,Miranda,Mitchell,nnelson@example.com,United Arab Emirates,New Paulshire,2025-07-09 07:11:45.905227
447,Michael,Richards,jessicajones@example.org,Switzerland,Raymondchester,2025-07-21 02:49:35.225759
448,Cindy,Moore,catherinewilliamson@example.com,Bahamas,Port Amanda,2026-01-15 20:31:51.014371
449,Jodi,Griffin,michael94@example.net,Vietnam,West Russellburgh,2026-07-01 12:52:33.469722
450,Steven,Stephens,renee11@example.org,Portugal,Elizabethchester,2024-11-03 02:19:48.593149
451,Kristie,Hatfield,carolinegarcia@example.net,Poland,West Tina,2025-06-01 18:01:21.328159
452,Linda,Li,amysmith@example.com,France,West Maryton,2025-03-26 16:45:15.104774
453,Frederick,Jenkins,ojones@example.com,British Indian Ocean Territory (Chagos Archipelago),Williestad,2026-01-24 09:10:31.518321
454,Leah,Joseph,emilybarnes@example.com,Portugal,West Christopherchester,2024-12-05 05:54:36.160488
455,Nancy,Ramos,bensonmary@example.com,Korea,Matthewburgh,2024-08-29 20:49:40.878878
456,Lisa,Howard,rmccall@example.com,Paraguay,Lake Katiefurt,2025-11-01 03:18:40.119022
457,Adriana,Johnson,joshua66@example.com,Cameroon,North Richardside,2026-06-15 21:16:02.667175
458,Diana,Hoffman,mannariel@example.org,Nicaragua,East Sarahstad,2024-10-31 23:44:52.630812
459,Ashley,Grant,kathleen06@example.org,Hong Kong,West Matthewfurt,2026-08-05 01:26:08.020093
460,Sandra,Hayes,chad53@example.org,Senegal,Romerobury,2026-04-07 01:31:27.995508
461,Amber,Martinez,aaron67@example.net,American Samoa,Aarontown,2026-06-17 05:21:36.471240
462,Steven,Baker,pwatts@example.org,Switzerland,Dillonberg,2026-06-12 08:09:19.511108
463,Austin,Walls,jameshubbard@example.org,Saint Martin,Samanthafort,2024-11-28 01:21:15.147705
464,Michelle,Curtis,kurthowe@example.com,Nicaragua,Port Allison,2026-07-13 11:19:56.963102
465,Nicolas,Smith,dreyes@example.net,Albania,South Veronicatown,2025-06-04 23:34:42.270478
466,Anthony,Hubbard,cheryl20@example.org,Guadeloupe,Justinstad,2026-06-25 08:16:30.670375
467,Shawn,Glass,pmorrison@example.net,Cote d'Ivoire,New Terriland,2025-02-13 09:42:57.285933
468,Dana,Hines,qwong@example.com,Turkey,Campbelltown,2026-04-18 19:01:10.935457
469,Victor,Johnson,nathanielhernandez@example.net,Kenya,New Lynnhaven,2025-10-30 11:30:55.455634
470,James,Cortez,melissajohnson@example.com,Micronesia,Tammyville,2026-03-31 19:07:25.159308
471,Jamie,Clark,williamkelley@example.org,Uruguay,Barnesfurt,2025-04-25 08:31:04.260629
472,Cassandra,Mathews,petersonrichard@example.org,Norfolk Island,Hodgesstad,2025-03-24 20:12:54.637329
473,Janice,Haynes,qbaker@example.net,Western Sahara,Williamburgh,2025-08-30 22:58:41.851394
474,Ralph,Cuevas,edwardskevin@example.org,Jordan,Port Matthewton,2024-12-31 13:23:21.997389
475,Carlos,Anderson,collinsaustin@example.net,Chad,Elizabethland,2025-10-30 07:00:50.172172
476,Nichole,Miller,jasminegreen@example.org,Croatia,New Deborahside,2024-10-16 15:56:22.107275
477,Robin,Curtis,guerranatalie@example.org,Russian Federation,Katrinamouth,2026-04-29 00:54:51.787798
478,Stephen,White,zcastillo@example.com,Brazil,Josephmouth,2026-03-20 00:48:30.445540
479,Danielle,Miller,charris@example.com,Botswana,Johnsonburgh,2026-06-02 01:10:39.992979
480,Rachel,Duarte,jaimegraham@example.org,Burkina Faso,New Diane,2026-02-02 07:15:38.691587
481,Mary,Martinez,austindavis@example.net,Vietnam,New Jasonmouth,2026-04-03 01:21:35.265874
482,Emily,Hill,joneskaren@example.net,Brunei Darussalam,Lake Matthew,2026-07-25 03:44:11.885340
483,Richard,Williams,gmoore@example.org,Chad,Davisbury,2026-06-10 09:15:45.919177
484,Shelly,Armstrong,tiffany44@example.com,Sierra Leone,Port Joel,2026-05-17 03:07:55.236951
485,Edward,Flores,castillomaria@example.net,Heard Island and McDonald Islands,East Stephen,2025-05-03 01:29:08.967256
486,Benjamin,Moore,umoses@example.net,El Salvador,West Jose,2025-07-27 15:23:15.745940
487,Gerald,Patterson,frenchadam@example.com,South Africa,South Stacy,2025-04-06 09:44:14.646466
488,Ashley,Nelson,jeffreyryan@example.com,Lebanon,Jonathanhaven,2025-12-02 16:36:48.820185
489,Edward,Fox,jonesmichelle@example.net,India,West Dianeshire,2026-05-21 05:13:18.662266
490,Cassidy,Santos,matthewalvarez@example.org,Saint Helena,West James,2024-12-25 20:53:47.243344
491,Melissa,Li,obrienamy@example.com,North Macedonia,West Chadshire,2025-07-26 11:06:03.132180
492,Gary,Thompson,joan59@example.com,Brazil,West Kristinmouth,2025-11-16 22:00:45.183001
493,Norma,Walker,howejeffery@example.com,Nigeria,South Miguel,2025-05-02 01:18:35.346916
494,John,Mitchell,laura84@example.net,Cuba,Lake Jason,2025-02-19 03:29:38.869902
495,Melvin,Wood,brenda87@example.com,Jordan,Port Deborahville,2025-01-30 14:43:30.570523
496,Joshua,Price,mwebster@example.com,Christmas Island,Cliffordshire,2024-08-22 04:14:15.507502
497,Christopher,Ellison,marymorrison@example.org,Cook Islands,Donaldside,2026-04-05 05:13:37.212094
498,Justin,Sanders,terri51@example.net,Czech Republic,East Nicholaschester,2025-02-15 04:07:31.892891
499,Rachel,Vasquez,klucas@example.com,Sierra Leone,South Rickey,2025-03-31 05:56:59.587125
500,Derrick,Roberts,davidreed@example.org,Bermuda,West Davidfort,2025-11-17 20:58:46.189023
