order_id,customer_id,order_status,order_created_at
1,87,created,2026-02-06 09:46:59.112692
2,453,delivered,2026-07-31 16:32:08.464459
3,100,created,2025-08-26 06:49:01.126581
4,98,delivered,2026-02-26 12:33:03.883863
5,179,cancelled,2025-08-14 05:54:05.307810
6,2,shipped,2025-09-08 04:40:19.167308
7,489,created,2026-04-04 10:33:50.959138
8,86,shipped,2025-12-11 04:44:40.362605
9,237,paid,2026-06-15 08:33:35.117655
10,110,shipped,2026-02-22 06:13:38.899845
11,173,cancelled,2026-04-21 20:29:51.125192
12,189,created,2025-10-07 02:06:46.118278
13,36,created,2026-07-17 05:28:14.884851
14,1,delivered,2026-02-28 00:32:44.671434
15,165,paid,2026-07-19 12:51:53.727175
16,282,paid,2026-05-17 13:50:41.725051
17,413,paid,2026-06-01 23:31:46.218298
18,245,cancelled,2025-10-08 05:35:53.466533
19,441,delivered,2026-03-16 15:43:41.830491
20,137,delivered,2026-07-02 06:53:57.885488
21,184,shipped,2025-09-01 07:38:48.619183
22,59,delivered,2026-02-12 13:59:14.068945
23,267,cancelled,2026-02-04 08:03:00.461375
24,443,cancelled,2025-11-09 10:35:03.425677
25,74,shipped,2025-08-24 10:29:45.063548
26,233,delivered,2025-11-02 10:25:22.908781
27,21,delivered,2025-11-25 20:43:37.146873
28,192,cancelled,2026-07-01 02:49:15.829367
29,118,created,2026-01-07 00:31:05.090167
30,125,shipped,2026-05-01 22:06:54.724736
31,100,created,2025-10-01 14:10:32.227930
32,214,cancelled,2026-06-15 09:16:10.594638
33,108,paid,2025-12-11 20:57:06.508715
34,312,shipped,2026-08-02 06:40:36.638923
35,38,paid,2026-05-24 00:20:03.152848
36,99,paid,2025-12-06 19:04:40.837347
37,13,delivered,2025-10-13 01:46:12.743577
38,149,shipped,2025-08-25 18:02:24.356884
39,254,delivered,2025-08-20 19:38:45.773907
40,160,created,2026-07-20 16:28:04.128144
41,49,delivered,2026-07-12 14:24:14.202669
42,231,cancelled,2026-05-20 11:26:33.345868
43,282,delivered,2025-08-25 09:30:01.403884
44,221,delivered,2026-04-14 11:55:38.840476
45,435,delivered,2025-12-23 21:33:04.032609
46,29,paid,2026-05-02 20:27:44.877707
47,336,shipped,2025-12-20 02:36:38.004580
48,68,paid,2026-05-09 01:53:14.359950
49,201,shipped,2026-04-05 15:05:18.810357
50,328,shipped,2026-04-10 01:37:58.994138
51,192,created,2026-05-15 07:30:51.598855
52,49,shipped,2026-06-10 18:39:00.978539
53,388,delivered,2025-08-30 15:26:26.155892
54,312,delivered,2026-07-24 17:58:13.180342
55,213,created,2025-10-28 19:38:46.806680
56,47,cancelled,2026-03-20 05:27:21.702269
57,19,paid,2026-05-14 11:43:40.825080
58,192,shipped,2025-08-13 20:17:47.056734
59,8,delivered,2026-01-02 07:44:20.254413
60,124,cancelled,2026-03-11 06:16:13.621855
61,279,paid,2025-12-29 23:50:18.288098
62,128,cancelled,2025-10-23 09:15:24.971939
63,103,created,2026-03-17 16:51:39.305221
64,128,cancelled,2025-11-02 01:41:48.182550
65,54,paid,2026-07-04 23:44:56.766817
66,343,paid,2025-11-14 10:45:58.219484
67,265,cancelled,2026-03-09 03:17:57.267798
68,391,paid,2025-09-11 01:18:52.318370
69,468,created,2026-06-09 01:54:22.493496
70,310,delivered,2026-05-10 06:35:47.292781
71,262,paid,2025-11-23 01:23:46.694488
72,292,shipped,2026-05-01 00:30:43.437462
73,54,created,2026-07-24 02:00:07.043235
74,344,delivered,2025-08-08 13:26:17.944747
75,113,cancelled,2026-06-19 05:19:10.928269
76,79,delivered,2026-04-17 05:06:40.001098
77,203,shipped,2025-08-29 18:13:27.867683
78,62,cancelled,2026-04-10 09:29:35.427024
79,489,cancelled,2025-11-23 23:46:51.465442
80,169,shipped,2025-09-14 07:03:08.077099
81,250,paid,2026-04-25 08:10:40.330697
82,156,shipped,2026-01-14 11:37:30.514284
83,54,paid,2026-03-04 17:02:34.459631
84,164,cancelled,2026-04-12 19:05:39.041857
85,112,created,2026-01-20 23:01:30.735399
86,374,cancelled,2026-02-26 14:41:34.124293
87,279,shipped,2026-06-11 23:01:43.155581
88,413,paid,2026-04-11 02:48:39.262162
89,358,paid,2026-05-23 09:26:25.337924
90,242,delivered,2026-07-15 10:27:23.217571
91,98,paid,2026-03-27 18:43:41.934917
92,406,delivered,2025-09-18 22:34:16.158648
93,256,delivered,2026-02-26 10:21:27.699863
94,477,paid,2026-06-15 11:43:01.403003
95,193,cancelled,2025-09-29 14:10:17.821991
96,240,cancelled,2025-10-03 11:19:57.363796
97,31,shipped,2025-08-27 18:32:52.495740
98,13,created,2025-08-16 19:38:33.689680
99,50,delivered,2025-11-12 14:05:03.833559
100,271,created,2026-04-29 05:12:52.531706
101,175,paid,2025-10-31 14:49:37.647744
102,238,delivered,2025-12-25 09:41:18.755225
103,269,cancelled,2026-03-31 18:24:20.971617
104,55,created,2026-03-09 11:48:29.120099
105,65,shipped,2026-02-28 01:59:24.117961
106,128,created,2026-01-09 06:19:11.663410
107,70,delivered,2025-11-22 09:15:44.760138
108,491,paid,2025-11-01 03:11:47.605684
109,8,shipped,2025-10-20 09:04:57.760221
110,337,paid,2025-11-21 09:40:33.119621
111,441,paid,2026-03-31 09:08:25.980648
112,313,shipped,2026-06-09 17:50:10.660421
113,449,delivered,2026-01-27 23:26:10.724252
114,188,shipped,2025-12-09 02:26:43.261647
115,127,delivered,2025-10-19 16:20:18.116031
116,445,cancelled,2026-01-21 09:37:55.648853
117,56,paid,2025-12-27 03:35:06.530958
118,262,delivered,2025-10-05 08:58:16.032496
119,345,cancelled,2026-04-15 16:53:41.853451
120,225,created,2025-11-24 04:46:39.435443
121,472,delivered,2026-01-18 16:31:56.649698
122,60,shipped,2025-08-13 17:32:44.913054
123,300,paid,2026-07-20 11:35:45.689553
124,170,created,2025-12-23 10:55:03.038532
125,470,created,2026-05-13 19:38:07.921122
126,252,delivered,2026-07-17 17:38:07.492022
127,163,paid,2025-12-15 14:19:24.759789
128,397,paid,2026-06-21 14:46:02.711591
129,438,shipped,2026-05-16 22:21:11.036470
130,68,shipped,2025-08-09 08:30:06.876787
131,490,paid,2025-10-28 05:06:21.737685
132,42,cancelled,2025-09-28 17:49:11.816903
133,332,shipped,2025-08-27 03:16:53.573839
134,219,shipped,2025-12-14 16:21:27.141869
135,69,paid,2025-08-20 11:40:15.380225
136,32,delivered,2025-11-25 03:36:34.737361
137,201,created,2026-05-26 18:49:47.910385
138,63,created,2025-11-05 20:31:24.329417
139,323,delivered,2026-07-14 16:47:12.294806
140,170,created,2026-03-01 02:19:43.148807
141,365,created,2026-07-25 03:04:17.875815
142,296,delivered,2025-10-24 16:58:13.024403
143,344,shipped,2026-03-26 20:38:02.046452
144,398,paid,2026-01-22 18:08:29.406316
145,270,shipped,2026-06-07 06:52:06.693852
146,203,shipped,2026-06-15 04:56:55.957294
147,151,paid,2026-05-18 21:02:04.059571
148,346,created,2026-04-18 07:43:13.443205
149,462,shipped,2025-08-16 03:42:19.910141
150,130,cancelled,2025-11-24 05:02:35.474393
151,106,shipped,2026-07-14 10:10:44.235004
152,299,cancelled,2025-12-11 18:22:57.702640
153,394,shipped,2026-02-22 22:57:16.866199
154,452,shipped,2026-04-29 07:43:21.165463
155,61,delivered,2025-10-28 12:58:41.249818
156,125,created,2026-03-23 15:35:44.022426
157,134,delivered,2026-06-20 21:26:18.130341
158,169,shipped,2026-08-04 07:02:06.118232
159,69,created,2026-05-19 02:37:33.810464
160,256,paid,2026-06-26 07:54:02.895630
161,472,paid,2026-01-05 23:35:08.333236
162,184,created,2025-09-20 00:17:09.115263
163,63,delivered,2026-07-07 21:36:11.757923
164,114,shipped,2026-01-26 15:50:26.109856
165,166,paid,2026-06-22 10:52:32.512374
166,265,cancelled,2026-01-18 02:43:08.437705
167,129,delivered,2026-07-24 11:23:29.947702
168,489,created,2025-09-25 18:10:51.177866
169,82,paid,2026-06-05 01:31:00.531183
170,296,paid,2025-12-24 22:47:07.198503
171,159,created,2026-04-01 17:49:02.246443
172,373,created,2025-10-24 00:35:03.491828
173,100,shipped,2026-04-20 05:25:32.610544
174,21,delivered,2026-01-29 15:10:00.482415
175,423,created,2025-11-20 12:44:49.916008
176,117,paid,2025-11-22 15:44:00.187680
177,131,created,2025-08-16 09:02:01.791424
178,365,paid,2025-09-11 10:50:29.222187
179,318,shipped,2025-10-08 10:43:03.872820
180,175,cancelled,2025-12-02 19:25:40.000560
181,82,paid,2026-05-22 03:41:36.407888
182,93,paid,2026-01-28 04:40:40.995216
183,446,shipped,2025-10-02 14:22:25.565531
184,363,paid,2026-01-25 12:13:19.023216
185,97,delivered,2025-11-09 09:30:51.391623
186,426,shipped,2026-07-23 01:34:18.555295
187,107,paid,2026-06-26 18:19:55.380979
188,333,created,2025-12-28 20:31:09.198247
189,107,shipped,2025-08-24 17:32:08.042443
190,492,paid,2026-01-06 02:25:26.732644
191,257,cancelled,2025-08-16 17:37:49.032313
192,363,paid,2026-05-11 18:27:27.648132
193,95,cancelled,2025-10-23 16:41:49.501318
194,109,paid,2026-01-04 19:07:43.220530
195,466,delivered,2026-07-18 22:57:21.976781
196,116,created,2026-07-13 07:57:58.715932
197,156,delivered,2026-01-24 05:41:58.872758
198,438,cancelled,2026-07-30 17:25:18.590896
199,413,cancelled,2026-03-30 20:08:02.247432
200,376,shipped,2026-02-18 19:26:37.051304
201,201,shipped,2025-10-14 22:47:27.843253
202,273,delivered,2026-04-07 16:52:06.837648
203,116,paid,2026-06-28 02:04:41.470338
204,197,cancelled,2026-04-20 14:29:30.069976
205,22,shipped,2025-12-13 00:46:26.286194
206,298,delivered,2025-12-29 04:06:41.313551
207,18,cancelled,2025-11-19 12:45:16.425247
208,228,shipped,2026-03-10 18:45:30.417557
209,459,delivered,2025-09-28 23:09:48.463506
210,483,cancelled,2026-04-07 00:13:36.227827
211,359,created,2025-10-02 17:01:04.284078
212,461,shipped,2026-03-06 07:37:46.157264
213,437,delivered,2025-11-10 14:55:18.467754
214,68,cancelled,2025-12-01 10:28:01.324003
215,99,shipped,2026-07-30 06:02:34.980450
216,499,cancelled,2026-03-24 11:13:03.088980
217,95,cancelled,2026-06-17 16:40:11.905726
218,145,paid,2025-11-28 18:35:22.628557
219,45,shipped,2025-10-13 02:34:18.686943
220,21,created,2026-07-01 16:18:38.764842
221,221,delivered,2025-08-10 23:17:02.159078
222,344,shipped,2026-04-02 05:29:57.911399
223,91,created,2025-08-11 09:32:10.600840
224,154,created,2026-05-10 17:12:32.256279
225,222,created,2025-12-27 22:41:16.795336
226,62,delivered,2026-05-07 23:33:14.835334
227,378,cancelled,2025-08-23 03:15:30.479949
228,436,created,2025-10-03 02:44:00.747528
229,192,paid,2025-11-09 04:03:59.370638
230,309,cancelled,2025-10-20 22:42:19.582595
231,265,cancelled,2026-01-23 07:01:24.883161
232,385,cancelled,2025-09-25 22:18:32.128463
233,145,cancelled,2026-05-07 20:32:02.715313
234,437,delivered,2026-03-02 05:07:36.908521
235,209,shipped,2026-02-22 22:51:18.009781
236,150,shipped,2026-04-14 05:07:12.367071
237,100,paid,2026-05-15 09:06:11.033864
238,220,cancelled,2026-04-14 18:01:26.671974
239,206,shipped,2026-04-07 09:27:18.774017
240,47,paid,2026-03-16 10:20:31.146643
241,405,cancelled,2025-09-04 08:31:49.980969
242,131,created,2026-04-18 14:46:37.321759
243,71,delivered,2026-02-06 10:52:36.651003
244,352,cancelled,2026-05-03 02:35:43.262213
245,464,created,2025-12-31 06:30:58.987119
246,164,cancelled,2026-04-22 14:46:05.208971
247,440,shipped,2025-08-31 05:17:15.682436
248,318,delivered,2025-08-29 21:30:18.917407
249,58,delivered,2025-09-05 14:39:57.275815
250,305,created,2025-11-15 05:38:49.022867
251,401,delivered,2025-12-30 19:40:38.998544
252,432,created,2026-06-17 15:14:31.105711
253,168,cancelled,2026-05-16 02:16:24.131214
254,239,paid,2026-06-21 23:25:41.880180
255,436,cancelled,2026-07-06 11:36:06.386004
256,129,delivered,2026-02-22 15:30:48.892534
257,358,delivered,2026-02-04 09:46:22.838160
258,62,shipped,2026-07-17 11:38:20.805348
259,295,shipped,2026-02-06 13:13:07.251377
260,451,created,2026-07-04 16:30:32.779223
261,331,paid,2026-08-05 12:57:49.862816
262,463,cancelled,2026-06-06 12:37:51.528606
263,360,created,2025-12-14 15:36:44.270649
264,305,shipped,2025-11-21 05:26:23.847473
265,61,paid,2026-05-01 16:38:21.782752
266,338,delivered,2025-10-08 11:21:09.537818
267,452,delivered,2026-07-19 09:12:30.535731
268,444,paid,2026-04-12 01:22:58.818063
269,311,shipped,2026-03-01 16:40:03.857134
270,227,paid,2025-09-30 23:10:54.592820
271,288,delivered,2026-04-02 11:35:33.929630
272,138,shipped,2025-10-29 05:45:06.666607
273,84,delivered,2025-09-11 01:24:47.634772
274,101,paid,2026-03-28 13:43:02.507591
275,87,paid,2025-10-27 14:22:56.115298
276,452,shipped,2025-12-03 20:33:55.238303
277,497,created,2026-01-26 03:06:33.186394
278,376,paid,2026-06-18 12:28:40.481390
279,106,shipped,2025-10-31 11:17:00.846999
280,237,cancelled,2026-01-16 07:45:49.336714
281,342,cancelled,2026-01-28 22:13:46.614659
282,298,delivered,2026-01-27 12:37:25.738269
283,41,created,2025-09-24 03:21:55.730332
284,426,created,2026-06-13 20:09:11.862679
285,148,shipped,2025-09-01 18:49:27.108801
286,130,cancelled,2026-08-04 19:37:59.848550
287,373,created,2026-03-09 06:15:38.907713
288,44,created,2026-02-01 07:58:06.849815
289,320,shipped,2025-09-11 16:03:13.809071
290,284,created,2025-12-20 20:49:41.839291
291,424,shipped,2026-07-18 04:07:09.764154
292,252,shipped,2025-12-18 18:17:40.944500
293,249,delivered,2026-01-22 21:24:27.227340
294,59,paid,2026-07-15 08:51:09.457419
295,417,shipped,2025-11-23 13:16:39.719305
296,28,delivered,2026-01-20 03:21:06.736792
297,116,paid,2026-07-09 13:42:59.182202
298,204,cancelled,2026-03-02 06:57:08.542419
299,158,delivered,2025-12-20 02:42:13.963356
300,310,delivered,2025-10-28 09:13:54.922727
301,435,delivered,2026-03-15 07:14:32.133843
302,449,created,2026-03-26 17:43:27.088456
303,190,created,2026-05-19 01:04:02.756264
304,440,paid,2025-10-23 02:50:03.701463
305,288,delivered,2025-11-09 21:02:55.078729
306,300,shipped,2026-03-10 17:46:55.188361
307,138,created,2025-11-12 12:58:51.482974
308,383,paid,2025-11-10 22:56:58.204888
309,259,delivered,2026-03-15 16:40:53.124329
310,124,cancelled,2026-05-09 08:02:30.827290
311,410,created,2026-07-25 12:34:43.485412
312,306,paid,2025-08-18 20:19:30.712722
313,426,paid,2026-02-27 00:16:29.662035
314,312,created,2026-04-24 10:07:45.235031
315,165,delivered,2025-11-07 10:56:09.890897
316,21,paid,2026-02-16 10:04:23.626579
317,368,cancelled,2026-01-27 15:17:06.672432
318,158,created,2026-02-13 04:59:35.564151
319,484,delivered,2026-01-21 10:42:41.304585
320,25,created,2026-01-29 03:11:41.574225
321,416,shipped,2026-03-19 05:32:28.182021
322,328,created,2026-07-16 14:21:50.207813
323,459,paid,2026-07-04 09:55:45.461119
324,243,shipped,2025-11-10 18:53:06.634991
325,500,cancelled,2025-08-24 01:29:03.949775
326,256,paid,2025-09-17 06:06:12.894086
327,285,created,2025-08-14 12:45:46.401975
328,24,shipped,2026-06-24 15:35:01.078906
329,396,shipped,2026-01-30 17:21:23.722466
330,242,cancelled,2026-07-07 21:33:10.577888
331,287,created,2025-10-30 03:17:12.179504
332,125,delivered,2025-11-13 01:29:31.595443
333,177,shipped,2026-07-01 02:50:03.494480
334,77,paid,2026-05-17 09:34:30.076243
335,39,shipped,2026-04-15 20:22:36.677827
336,266,created,2026-06-09 16:46:53.379675
337,151,delivered,2025-10-28 14:43:04.482930
338,299,created,2026-04-04 23:22:13.582435
339,143,cancelled,2025-11-17 17:44:44.867458
340,218,delivered,2026-03-10 21:31:20.818647
341,440,delivered,2026-05-21 13:16:31.424546
342,209,cancelled,2025-12-28 16:55:52.938910
343,134,cancelled,2025-08-07 21:52:21.777798
344,443,delivered,2025-12-08 22:07:18.300436
345,21,paid,2026-01-09 02:01:56.446495
346,297,delivered,2025-10-07 14:37:39.901137
347,109,created,2026-05-11 00:00:53.500997
348,83,created,2026-07-27 20:56:04.268867
349,290,shipped,2025-12-18 21:49:41.634356
350,464,cancelled,2026-02-23 14:21:53.798324
351,185,created,2026-02-19 05:13:03.267508
352,78,cancelled,2026-02-06 03:48:22.197831
353,428,delivered,2025-10-23 04:05:49.355632
354,479,shipped,2026-01-14 06:53:54.924546
355,279,shipped,2026-04-28 16:09:22.593477
356,321,created,2025-10-28 15:39:37.649770
357,424,shipped,2026-06-20 12:55:29.839702
358,357,paid,2025-10-25 17:03:12.126718
359,274,cancelled,2026-06-13 03:24:25.442638
360,293,shipped,2025-11-09 21:55:55.105620
361,393,paid,2026-04-01 09:27:13.413262
362,292,cancelled,2026-08-05 14:10:04.185462
363,327,cancelled,2026-02-22 22:04:57.126852
364,494,shipped,2026-07-22 18:49:51.756650
365,405,shipped,2026-07-26 01:11:49.391996
366,112,cancelled,2025-10-27 04:34:37.088679
367,253,cancelled,2025-11-26 11:25:22.302906
368,115,shipped,2026-03-30 15:53:35.754101
369,304,cancelled,2026-06-11 09:33:36.707266
370,125,shipped,2025-09-23 11:05:24.579342
371,17,shipped,2026-07-07 15:55:10.745254
372,483,shipped,2025-11-01 03:47:19.959291
373,378,cancelled,2026-01-29 21:33:19.775241
374,7,cancelled,2025-08-20 01:17:04.333420
375,435,shipped,2025-08-25 14:50:52.257126
376,330,shipped,2026-01-23 00:49:23.591876
377,349,shipped,2025-12-17 21:57:35.224431
378,123,shipped,2025-10-17 15:09:57.365307
379,455,shipped,2026-01-14 11:59:42.250925
380,100,shipped,2026-04-02 19:45:26.645492
381,380,shipped,2025-10-27 20:26:14.743599
382,401,created,2025-12-21 07:50:46.278598
383,324,delivered,2026-07-27 22:05:20.370486
384,297,shipped,2026-07-19 17:43:38.326703
385,421,shipped,2026-01-15 20:02:21.536073
386,103,created,2025-08-26 19:58:40.743162
387,326,shipped,2026-05-17 18:44:24.966355
388,84,created,2025-10-08 16:14:19.742343
389,81,cancelled,2025-12-20 23:21:54.399647
390,398,paid,2026-06-12 22:50:52.617673
391,311,delivered,2025-09-27 12:21:34.505344
392,24,delivered,2025-11-26 20:04:49.900872
393,240,created,2026-05-06 12:23:28.396454
394,54,shipped,2026-05-29 03:05:52.500326
395,170,created,2026-06-22 03:01:42.829700
396,209,delivered,2026-01-08 08:30:37.080430
397,254,cancelled,2026-04-08 12:16:54.955747
398,193,cancelled,2026-07-06 04:28:33.271375
399,61,cancelled,2026-07-23 22:34:55.227695
400,268,shipped,2025-12-31 21:52:57.951919
401,361,paid,2025-10-11 16:51:28.288893
402,5,created,2026-07-29 06:07:11.150597
403,332,shipped,2025-12-17 23:15:27.441021
404,203,shipped,2025-12-08 01:52:07.295771
405,187,cancelled,2026-05-28 06:11:10.312445
406,471,cancelled,2026-02-03 16:19:35.156569
407,26,cancelled,2026-01-02 17:03:02.421260
408,25,paid,2026-06-29 10:19:18.318845
409,237,delivered,2025-11-12 21:26:31.622121
410,402,created,2026-06-12 07:20:10.473744
411,189,cancelled,2025-12-10 18:51:55.358665
412,185,delivered,2025-08-18 01:32:50.409972
413,275,created,2025-10-02 16:28:31.554475
414,55,shipped,2025-11-07 14:59:26.308122
415,100,paid,2026-01-14 18:59:41.253372
416,163,cancelled,2026-06-27 18:22:18.394491
417,364,paid,2026-05-12 08:35:35.360252
418,459,delivered,2026-05-28 04:33:34.114124
419,383,created,2025-11-02 16:23:02.667392
420,458,cancelled,2025-08-13 05:28:07.529242
421,362,paid,2026-05-07 09:06:24.473712
422,442,delivered,2025-12-17 12:33:41.767376
423,370,cancelled,2026-02-13 16:23:58.754370
424,256,paid,2026-07-05 17:24:41.398299
425,433,shipped,2026-03-13 22:26:04.108469
426,498,created,2025-12-27 15:32:54.596987
427,55,shipped,2025-11-20 21:27:20.055730
428,48,created,2025-09-12 02:17:33.537971
429,429,delivered,2025-11-14 10:32:01.815259
430,277,paid,2026-01-24 17:52:35.911268
431,305,shipped,2025-10-11 11:59:16.722539
432,453,cancelled,2026-04-17 21:33:33.627799
433,340,paid,2025-08-17 07:19:36.670693
434,176,paid,2026-06-20 06:21:43.151640
435,239,cancelled,2025-11-20 11:49:14.687461
436,461,cancelled,2025-08-07 15:35:52.911223
437,22,cancelled,2026-03-15 06:34:13.333943
438,332,cancelled,2025-09-13 08:15:53.358488
439,23,shipped,2025-09-14 07:08:25.246281
440,317,shipped,2026-03-28 03:18:50.104316
441,35,paid,2026-06-02 09:09:11.101917
442,270,shipped,2025-09-28 04:49:45.066650
443,89,paid,2026-07-18 15:47:00.299299
444,26,created,2026-07-30 06:14:01.195394
445,16,cancelled,2026-04-23 02:21:53.382706
446,325,cancelled,2026-07-21 11:02:59.508566
447,494,created,2026-01-28 01:01:47.464684
448,272,cancelled,2025-10-21 13:48:26.918822
449,289,cancelled,2025-12-05 16:53:25.080200
450,160,shipped,2026-04-20 22:08:08.602665
451,190,paid,2025-10-22 14:20:19.417162
452,120,cancelled,2025-12-12 14:09:31.107948
453,63,delivered,2026-07-26 03:25:23.301223
454,350,delivered,2026-08-02 10:00:04.479099
455,283,shipped,2025-09-10 19:21:06.908206
456,492,cancelled,2025-10-23 09:48:17.793336
457,13,paid,2025-08-23 15:27:33.276992
458,162,paid,2026-07-20 17:48:06.646682
459,344,paid,2026-03-30 07:23:09.482656
460,63,cancelled,2026-01-05 18:25:30.289217
461,149,cancelled,2026-06-24 16:37:12.931695
462,327,shipped,2026-07-15 15:05:53.546248
463,259,paid,2026-06-26 16:25:14.991440
464,460,cancelled,2026-05-20 10:56:36.923313
465,468,cancelled,2025-08-25 12:20:01.694341
466,446,cancelled,2025-09-04 01:25:27.500346
467,446,paid,2025-12-15 19:39:13.092442
468,154,cancelled,2026-05-02 02:28:23.369741
469,125,created,2026-05-03 23:01:49.003538
470,251,cancelled,2026-04-08 04:44:45.031687
471,357,shipped,2025-10-24 00:52:13.812760
472,372,created,2026-04-25 22:46:44.176937
473,388,paid,2026-01-08 15:09:23.500716
474,424,cancelled,2026-03-31 07:14:16.090025
475,193,paid,2026-07-02 00:32:09.521285
476,294,delivered,2026-04-08 20:00:16.896382
477,166,created,2025-09-05 02:13:52.993508
478,222,cancelled,2025-12-26 04:10:28.945937
479,327,paid,2026-04-14 21:28:07.197300
480,31,cancelled,2026-06-17 05:16:12.794514
481,53,delivered,2026-03-03 16:26:55.854288
482,447,paid,2026-08-02 15:38:34.992273
483,232,shipped,2026-01-09 05:27:30.989560
484,294,cancelled,2026-07-05 08:08:32.777373
485,253,shipped,2025-10-18 16:26:04.673028
486,40,cancelled,2025-10-17 10:24:06.697580
487,468,created,2026-04-08 11:52:32.106671
488,142,cancelled,2026-05-03 18:06:15.133042
489,405,shipped,2026-06-14 01:24:09.668661
490,171,shipped,2025-10-02 01:29:14.286768
491,488,delivered,2026-06-08 08:30:01.121500
492,56,delivered,2025-10-06 04:39:00.369492
493,297,created,2026-06-22 08:49:02.076043
494,269,created,2026-01-09 15:01:10.694590
495,174,shipped,2026-06-21 14:54:07.712349
496,211,paid,2025-12-24 13:05:13.336513
497,193,shipped,2026-07-25 09:10:17.495296
498,5,delivered,2026-06-01 19:04:22.627098
499,476,cancelled,2025-12-13 15:39:19.194193
500,440,paid,2026-03-14 16:11:45.117643
501,45,cancelled,2026-01-24 21:50:25.956519
502,283,cancelled,2026-04-29 00:55:36.213804
503,122,created,2026-07-11 22:06:57.857928
504,152,paid,2025-10-16 22:47:42.299220
505,302,shipped,2025-10-13 05:18:38.079121
506,34,shipped,2025-08-14 22:54:30.430588
507,154,paid,2026-07-29 05:08:59.322031
508,255,paid,2026-07-14 16:14:40.683248
509,323,paid,2026-01-16 10:27:28.907146
510,32,created,2026-04-01 23:28:14.988295
511,454,created,2025-10-19 23:57:20.250394
512,224,created,2026-05-11 04:31:24.325263
513,321,created,2025-11-01 01:16:20.082530
514,378,shipped,2026-06-15 03:43:21.687235
515,79,delivered,2025-09-30 09:44:55.183029
516,165,delivered,2026-03-17 14:01:31.230384
517,360,created,2025-11-30 08:04:26.035095
518,151,created,2026-07-27 15:08:07.440084
519,351,delivered,2026-05-29 02:42:57.702139
520,134,shipped,2025-12-11 13:35:01.201132
521,355,shipped,2026-03-16 07:04:14.953557
522,129,created,2025-10-19 18:06:32.098862
523,483,shipped,2026-06-05 15:50:12.065855
524,8,delivered,2025-08-30 14:53:20.030027
525,467,shipped,2025-08-11 11:32:10.427966
526,457,cancelled,2025-12-21 02:04:35.100110
527,475,created,2026-07-03 07:35:17.663698
528,303,paid,2025-09-24 10:15:39.627828
529,248,cancelled,2025-12-30 15:52:52.966258
530,216,shipped,2025-10-13 20:03:14.056170
531,55,created,2026-05-08 13:24:20.343781
532,219,shipped,2025-09-22 18:36:08.253676
533,497,delivered,2025-10-14 02:03:34.840887
534,366,delivered,2025-08-25 02:37:02.953331
535,351,paid,2025-12-12 17:50:15.030394
536,479,cancelled,2026-06-11 02:20:03.237118
537,409,created,2026-06-26 11:19:43.808048
538,482,cancelled,2026-02-17 20:31:29.792598
539,412,delivered,2026-06-28 06:22:45.234821
540,14,shipped,2026-04-07 14:55:47.787337
541,280,created,2026-08-04 01:09:18.959532
542,211,delivered,2026-02-03 11:21:10.713122
543,146,paid,2026-06-19 04:10:51.149564
544,161,paid,2026-06-28 10:52:09.272751
545,34,created,2026-01-22 20:26:51.101545
546,50,delivered,2025-11-18 22:37:28.594858
547,170,shipped,2026-01-05 07:19:44.277356
548,194,cancelled,2025-10-14 02:35:49.934931
549,239,cancelled,2025-11-18 07:38:12.533356
550,359,cancelled,2025-12-15 00:32:13.300288
551,138,created,2026-03-21 18:43:50.891724
552,7,delivered,2025-09-19 23:25:13.993275
553,277,created,2025-08-15 04:18:20.473584
554,365,paid,2026-07-22 01:08:22.133618
555,378,cancelled,2025-09-11 13:07:05.291339
556,151,created,2025-08-23 05:52:33.540237
557,112,shipped,2026-07-09 20:37:55.096202
558,368,delivered,2026-06-07 12:49:04.164708
559,159,paid,2026-07-11 22:59:48.079395
560,231,shipped,2026-01-13 13:27:52.022087
561,188,paid,2025-11-11 04:47:22.912548
562,25,paid,2025-08-20 00:28:06.499071
563,10,paid,2025-10-18 07:35:31.877028
564,445,paid,2025-09-02 15:21:08.749525
565,32,created,2026-05-14 21:39:13.819523
566,363,created,2025-09-03 04:36:42.234116
567,185,paid,2025-12-21 15:29:23.274880
568,36,delivered,2026-05-21 01:38:53.400294
569,407,shipped,2026-03-11 03:27:31.822681
570,169,paid,2025-10-24 07:17:38.707100
571,159,cancelled,2025-09-27 17:47:20.607193
572,409,created,2025-10-15 14:29:15.632131
573,29,delivered,2026-04-14 14:55:21.953970
574,85,created,2026-02-19 00:26:33.814444
575,135,delivered,2026-03-03 08:36:37.279750
576,406,delivered,2026-05-06 04:21:32.580823
577,162,paid,2025-09-12 17:10:29.472147
578,479,paid,2026-03-31 02:58:51.307460
579,366,delivered,2026-07-14 02:36:19.695122
580,476,delivered,2025-11-11 16:40:31.792467
581,113,paid,2026-03-22 12:39:46.020724
582,327,cancelled,2026-01-19 00:25:18.722529
583,298,shipped,2025-12-25 03:51:50.693218
584,177,created,2026-01-19 20:42:32.540883
585,329,paid,2026-01-23 11:10:19.589187
586,182,created,2026-04-22 12:52:15.367478
587,119,shipped,2025-09-09 10:50:40.634284
588,288,cancelled,2026-06-27 09:33:45.619457
589,108,shipped,2026-07-18 14:15:57.369509
590,22,shipped,2026-07-05 01:24:14.682673
591,260,created,2025-08-12 17:21:15.910065
592,283,shipped,2026-01-11 13:17:06.988076
593,224,shipped,2025-11-30 17:33:01.483831
594,42,shipped,2026-08-04 11:18:16.401452
595,87,created,2025-10-09 03:16:36.912479
596,212,created,2025-08-19 16:56:46.692948
597,395,delivered,2026-04-24 07:42:23.371725
598,71,shipped,2025-11-24 18:42:07.975338
599,43,delivered,2026-04-29 08:54:13.427963
600,141,cancelled,2025-12-30 05:37:17.105856
601,407,cancelled,2025-08-08 21:34:14.460303
602,414,shipped,2026-06-14 04:13:54.017178
603,152,delivered,2026-07-05 18:13:32.566594
604,90,created,2025-09-11 23:59:20.636305
605,322,shipped,2025-12-26 01:54:15.679113
606,322,paid,2026-04-24 03:46:55.465447
607,194,paid,2026-05-12 12:51:30.322700
608,3,paid,2026-04-21 12:14:01.040231
609,273,delivered,2026-02-23 08:50:48.951458
610,468,cancelled,2025-10-29 11:48:10.798213
611,196,delivered,2025-10-04 02:11:37.558479
612,101,shipped,2026-07-25 08:05:45.656021
613,7,created,2025-10-02 13:41:30.978431
614,7,created,2026-01-12 07:33:18.939987
615,190,shipped,2025-12-12 06:31:52.725780
616,221,paid,2026-04-05 12:18:50.182402
617,143,created,2026-07-04 18:41:35.508317
618,234,cancelled,2026-04-04 10:10:17.578193
619,130,paid,2025-11-15 22:17:04.817950
620,186,created,2026-01-12 17:14:20.977327
621,358,shipped,2026-06-17 02:17:02.929323
622,216,paid,2026-02-22 03:37:22.352550
623,343,delivered,2026-07-06 20:39:05.435282
624,354,paid,2026-05-30 05:56:29.407107
625,328,cancelled,2026-04-12 00:41:27.313447
626,105,cancelled,2025-08-11 23:36:31.979433
627,429,created,2026-01-24 07:32:04.599962
628,247,shipped,2026-07-18 09:29:42.926636
629,114,delivered,2026-06-25 02:43:59.539602
630,439,cancelled,2026-07-04 18:10:42.381844
631,15,created,2026-07-16 00:49:19.592972
632,261,shipped,2026-01-08 18:20:25.921578
633,77,delivered,2025-09-09 14:04:46.608117
634,378,delivered,2025-10-30 06:07:27.762829
635,186,paid,2026-06-08 03:30:37.987963
636,181,shipped,2026-04-04 00:48:56.791321
637,341,paid,2025-09-03 05:58:42.415969
638,239,created,2025-12-04 18:19:05.429474
639,408,shipped,2026-04-18 21:44:40.776503
640,18,delivered,2026-05-01 16:17:07.288021
641,165,shipped,2026-04-22 21:06:48.785533
642,334,paid,2026-04-16 11:58:34.526310
643,392,delivered,2026-02-26 07:29:04.872771
644,435,shipped,2025-12-25 16:18:06.467900
645,419,paid,2025-08-13 11:42:21.625787
646,74,shipped,2026-06-10 16:39:41.569200
647,89,paid,2025-10-20 13:01:45.471463
648,335,shipped,2025-10-27 17:13:37.620667
649,324,created,2026-06-30 23:37:23.542167
650,23,created,2025-12-05 23:05:39.282485
651,16,cancelled,2026-03-19 23:15:45.167897
652,379,created,2026-03-27 04:25:52.518366
653,125,paid,2026-04-26 03:08:36.033674
654,437,cancelled,2026-04-26 23:12:45.787641
655,99,cancelled,2025-09-09 06:29:23.460343
656,24,created,2026-02-20 01:53:45.787239
657,62,shipped,2025-08-14 05:32:53.682970
658,460,created,2026-03-31 01:36:21.853526
659,485,paid,2025-11-14 10:30:09.719380
660,119,paid,2026-04-16 18:57:03.149234
661,59,shipped,2026-02-01 02:44:10.627861
662,36,paid,2025-08-07 17:16:25.116223
663,29,delivered,2026-01-28 09:17:15.209377
664,281,cancelled,2026-07-14 08:10:38.135559
665,169,shipped,2025-10-18 17:01:14.510720
666,232,delivered,2025-12-15 16:53:49.007954
667,224,cancelled,2026-04-03 13:12:53.983635
668,495,cancelled,2026-06-30 19:16:37.360975
669,61,shipped,2025-12-19 02:01:01.977382
670,118,delivered,2026-03-09 17:43:03.492725
671,215,delivered,2025-09-17 05:26:27.249283
672,136,shipped,2025-09-25 20:21:36.887890
673,111,cancelled,2025-10-08 13:24:58.836794
674,108,created,2026-02-18 02:12:06.093635
675,462,cancelled,2026-07-26 21:01:11.962872
676,56,paid,2026-04-11 18:43:55.413827
677,439,paid,2026-07-04 17:07:54.391711
678,499,delivered,2026-01-02 22:45:14.572306
679,45,cancelled,2025-10-29 20:59:26.916178
680,303,paid,2025-11-06 22:42:32.312160
681,348,created,2026-04-23 17:16:28.067374
682,115,paid,2026-04-26 15:30:39.984598
683,236,delivered,2025-10-12 05:47:30.056215
684,478,created,2026-04-29 02:45:38.523152
685,416,paid,2026-04-11 20:57:20.694254
686,404,shipped,2026-07-18 03:58:17.924548
687,310,created,2026-07-07 10:24:39.611747
688,334,created,2026-06-21 15:15:59.736869
689,101,paid,2025-08-28 12:04:13.711644
690,381,cancelled,2025-10-18 20:41:05.871291
691,449,shipped,2025-08-22 14:32:27.169512
692,344,paid,2026-05-29 15:31:54.563576
693,213,cancelled,2026-07-15 15:01:02.574949
694,237,cancelled,2025-12-14 04:11:55.139057
695,464,created,2026-07-19 17:47:47.518711
696,59,paid,2026-07-12 01:33:40.324216
697,350,delivered,2025-11-11 23:27:48.479599
698,288,shipped,2026-05-03 11:57:25.462365
699,137,created,2025-09-14 09:35:57.338046
700,251,shipped,2025-08-22 17:59:18.749009
701,202,paid,2025-09-21 20:44:05.518787
702,383,created,2025-10-15 03:36:21.533755
703,380,cancelled,2026-01-12 07:20:49.969747
704,267,cancelled,2026-06-20 03:45:57.670962
705,168,shipped,2025-08-26 00:27:52.026129
706,419,shipped,2025-08-30 17:20:12.290726
707,481,cancelled,2026-02-17 05:27:54.514335
708,136,shipped,2026-05-25 19:49:32.058348
709,100,shipped,2025-08-29 22:39:52.069383
710,279,cancelled,2026-01-09 04:59:12.026126
711,194,created,2026-07-04 02:23:35.782996
712,304,shipped,2026-03-12 11:21:03.237696
713,51,shipped,2025-11-08 10:47:56.404591
714,197,shipped,2025-08-16 13:42:09.573077
715,410,paid,2025-08-31 03:35:16.897063
716,361,delivered,2025-10-23 03:56:46.170969
717,313,paid,2025-09-24 21:18:57.412076
718,116,cancelled,2025-12-11 11:13:38.876588
719,3,cancelled,2026-08-04 21:34:06.960366
720,40,delivered,2026-04-09 11:22:46.719286
721,429,created,2025-10-06 22:49:19.723406
722,187,shipped,2025-09-11 06:00:17.219425
723,180,shipped,2026-04-29 05:56:47.805305
724,496,delivered,2025-11-06 04:52:54.800804
725,298,cancelled,2026-01-21 18:57:11.160707
726,34,created,2025-09-15 00:57:28.529068
727,370,delivered,2025-09-22 19:02:06.117334
728,231,delivered,2025-09-22 08:37:53.709344
729,343,delivered,2026-03-22 19:35:04.748530
730,115,paid,2026-07-26 21:15:56.296941
731,13,delivered,2026-01-22 10:41:35.686810
732,77,cancelled,2026-02-10 17:10:23.884009
733,450,created,2026-06-24 20:10:27.481545
734,75,cancelled,2025-08-06 20:38:02.783928
735,109,paid,2026-06-26 15:27:42.932009
736,457,paid,2026-07-02 05:40:07.279397
737,61,shipped,2026-07-06 01:43:44.625742
738,42,shipped,2026-06-14 08:42:42.827200
739,405,created,2026-07-18 17:44:02.169580
740,446,shipped,2026-06-25 21:08:50.670223
741,127,cancelled,2025-09-14 11:51:38.736949
742,244,shipped,2025-12-15 18:03:36.232096
743,408,shipped,2025-11-17 22:53:40.463503
744,467,created,2025-10-09 23:31:08.503175
745,113,delivered,2025-12-12 13:44:07.295962
746,366,paid,2025-08-30 21:00:49.757503
747,274,paid,2026-04-17 16:57:52.876478
748,434,created,2026-04-27 17:29:02.134754
749,339,created,2026-04-23 00:16:37.018268
750,67,shipped,2026-05-01 15:50:20.380970
751,72,delivered,2026-07-08 09:22:00.943111
752,14,cancelled,2026-05-09 01:16:26.390279
753,71,cancelled,2026-01-08 19:43:34.408637
754,371,delivered,2025-08-22 07:39:39.375294
755,442,cancelled,2025-10-26 08:08:52.424285
756,347,shipped,2026-07-01 15:44:03.524739
757,26,cancelled,2025-08-06 13:07:31.780929
758,74,paid,2025-12-30 06:02:44.496377
759,132,shipped,2026-06-10 18:54:02.643850
760,257,cancelled,2026-03-06 15:38:19.378165
761,234,created,2026-07-30 22:49:07.124990
762,46,paid,2026-05-25 08:55:28.425423
763,394,delivered,2025-12-25 23:10:44.213820
764,78,created,2025-12-29 12:39:00.219097
765,148,paid,2026-01-01 10:43:03.899458
766,306,paid,2026-08-04 22:09:50.803765
767,82,cancelled,2026-03-09 15:15:13.948205
768,111,shipped,2026-07-02 21:09:36.732070
769,175,cancelled,2025-10-14 04:54:03.620444
770,47,delivered,2025-09-22 09:40:37.712360
771,79,created,2026-04-17 03:27:38.133030
772,12,cancelled,2026-05-15 13:44:08.467751
773,130,created,2026-01-05 04:30:06.144482
774,450,paid,2025-11-11 00:42:42.078341
775,131,paid,2026-01-16 10:19:09.821710
776,89,shipped,2026-06-04 18:10:28.427630
777,190,shipped,2026-02-14 02:05:22.601316
778,28,delivered,2025-08-10 16:29:22.029946
779,104,delivered,2026-06-25 14:05:38.160059
780,434,delivered,2026-04-13 12:20:12.960242
781,401,cancelled,2026-01-03 03:54:51.508176
782,476,cancelled,2026-02-22 22:35:59.302958
783,44,shipped,2025-11-05 20:24:55.784784
784,301,paid,2025-12-30 12:31:52.033631
785,63,paid,2025-11-03 16:30:57.441561
786,200,created,2026-07-08 00:11:28.179189
787,5,created,2025-11-06 00:46:46.271321
788,455,paid,2026-04-19 20:39:58.487699
789,106,shipped,2026-06-16 21:53:48.658073
790,105,paid,2026-03-29 23:28:33.144618
791,325,created,2025-08-13 18:03:27.957874
792,84,created,2026-06-11 08:36:09.570726
793,390,created,2025-10-25 23:26:58.159552
794,73,created,2026-04-25 20:53:16.457263
795,307,created,2025-09-09 18:34:41.739580
796,444,created,2026-06-15 08:21:19.943061
797,31,cancelled,2026-03-13 08:34:31.755737
798,165,cancelled,2026-05-17 14:45:24.019130
799,277,shipped,2025-09-21 03:56:18.047593
800,459,cancelled,2025-12-24 17:15:20.959055
801,261,created,2025-08-10 17:38:42.751737
802,250,delivered,2026-07-27 15:06:27.600680
803,439,shipped,2026-04-25 01:24:55.194741
804,84,shipped,2026-05-23 13:22:44.654900
805,130,paid,2025-12-17 03:47:22.367153
806,417,paid,2025-12-21 21:45:23.088835
807,32,created,2026-02-08 09:48:39.537637
808,329,shipped,2026-04-24 16:50:21.085685
809,499,shipped,2025-10-25 23:29:40.593457
810,335,shipped,2026-02-27 23:40:59.879653
811,217,paid,2026-03-24 18:34:19.930385
812,358,shipped,2026-04-22 02:50:31.474527
813,218,cancelled,2025-08-16 03:26:42.027441
814,214,paid,2026-02-02 17:23:04.368704
815,246,created,2026-05-07 03:07:19.398379
816,316,shipped,2025-09-23 15:12:28.715014
817,113,delivered,2025-11-23 06:29:25.555758
818,500,created,2026-01-13 18:02:36.292205
819,444,shipped,2025-09-03 03:34:26.560586
820,241,cancelled,2025-09-15 14:11:18.478462
821,143,cancelled,2026-02-13 02:52:56.601961
822,38,cancelled,2025-11-25 10:27:13.304471
823,144,delivered,2026-03-22 13:00:19.931646
824,322,created,2026-02-26 14:16:27.030310
825,392,shipped,2026-02-25 10:18:00.061219
826,172,cancelled,2025-08-29 02:08:36.129382
827,277,created,2026-08-02 20:10:51.182710
828,267,cancelled,2025-08-11 18:16:53.946022
829,57,delivered,2026-02-20 19:46:50.638416
830,449,created,2026-02-15 20:23:11.674023
831,304,created,2026-04-15 20:58:16.473145
832,136,paid,2025-10-23 13:19:35.264307
833,203,paid,2026-05-07 11:15:05.571827
834,327,cancelled,2026-01-23 11:04:50.085105
835,466,created,2026-03-30 12:57:03.078868
836,380,created,2025-08-30 16:02:34.142641
837,12,created,2025-08-19 08:26:04.078140
838,250,paid,2026-01-01 01:51:02.998728
839,221,paid,2025-11-30 02:49:31.807581
840,153,cancelled,2026-07-24 23:43:55.619257
841,227,delivered,2025-10-07 12:38:09.552924
842,86,shipped,2025-12-03 16:50:42.636389
843,102,created,2026-01-11 07:05:41.665012
844,225,shipped,2026-05-18 05:52:10.358227
845,2,paid,2026-07-03 19:48:57.247150
846,64,paid,2025-12-27 15:32:48.689001
847,98,shipped,2026-04-18 04:49:18.264360
848,6,shipped,2026-03-18 00:44:06.547949
849,342,created,2026-02-06 00:06:12.137523
850,213,paid,2025-11-30 10:29:47.057517
851,250,delivered,2026-06-19 14:01:36.103830
852,120,created,2026-02-27 08:13:06.653696
853,191,paid,2026-07-07 00:56:53.501300
854,363,delivered,2025-12-13 16:48:13.271794
855,481,delivered,2026-06-03 13:54:53.029537
856,241,shipped,2025-12-14 10:01:27.818306
857,33,cancelled,2026-07-04 23:35:45.008899
858,158,created,2026-07-23 11:37:21.376994
859,215,shipped,2026-02-26 12:24:33.942646
860,254,shipped,2025-12-11 12:07:36.023753
861,373,delivered,2025-08-22 06:50:47.088387
862,500,delivered,2026-06-28 00:40:08.945198
863,25,cancelled,2025-09-10 01:13:13.979086
864,103,cancelled,2025-08-31 23:08:51.222980
865,247,created,2026-01-30 13:52:12.897286
866,45,delivered,2026-06-12 04:41:37.376837
867,377,cancelled,2025-10-25 05:06:51.004966
868,405,created,2026-05-18 17:31:48.522812
869,482,cancelled,2026-03-01 12:47:38.241854
870,324,shipped,2026-02-11 04:10:35.082423
871,173,created,2026-01-27 18:54:54.534941
872,238,cancelled,2026-04-09 21:47:15.636379
873,411,created,2026-05-04 05:46:29.120078
874,480,created,2026-05-09 05:15:37.848195
875,327,shipped,2025-11-08 05:31:45.490878
876,407,paid,2026-05-14 13:03:19.282893
877,485,created,2025-08-17 08:13:42.913048
878,346,shipped,2026-03-01 22:59:49.637527
879,451,created,2025-08-31 23:04:59.703160
880,91,delivered,2026-03-29 07:46:48.099300
881,380,paid,2026-03-13 14:57:41.811485
882,242,cancelled,2026-06-04 16:42:24.096819
883,17,cancelled,2025-08-07 13:59:43.857771
884,221,delivered,2025-08-11 01:23:00.916903
885,214,cancelled,2026-06-12 23:23:22.594895
886,258,created,2026-06-11 10:18:21.705723
887,3,delivered,2025-09-02 07:22:35.346399
888,384,paid,2026-01-26 07:35:35.714339
889,203,cancelled,2025-12-05 10:30:59.853668
890,289,cancelled,2026-08-03 12:16:29.749570
891,50,paid,2025-09-24 23:49:26.381898
892,14,cancelled,2025-11-20 15:20:34.212005
893,45,created,2025-09-17 06:20:32.635082
894,457,created,2025-08-17 15:42:02.928622
895,135,cancelled,2026-02-05 05:01:22.793350
896,427,created,2026-05-04 08:10:52.607869
897,106,shipped,2025-09-10 19:40:54.957722
898,123,delivered,2026-05-18 03:53:23.357499
899,184,cancelled,2025-12-06 16:31:47.223570
900,239,delivered,2026-04-09 15:24:00.697586
901,259,paid,2026-06-04 11:13:33.901155
902,168,paid,2026-03-28 11:46:53.771847
903,406,cancelled,2025-11-06 07:56:42.617610
904,385,created,2025-10-02 10:18:04.120520
905,348,paid,2026-03-27 02:18:04.457963
906,283,shipped,2025-08-22 19:30:42.503435
907,170,cancelled,2025-11-05 17:19:25.901209
908,146,shipped,2026-04-04 13:20:31.686383
909,464,shipped,2025-10-04 22:35:55.898912
910,190,delivered,2026-03-28 22:47:55.347490
911,467,created,2025-12-08 22:04:36.987204
912,400,cancelled,2026-03-12 04:17:40.605543
913,482,shipped,2026-02-14 06:33:42.370096
914,458,delivered,2026-06-09 23:58:12.173676
915,234,paid,2026-06-20 13:23:31.452193
916,339,cancelled,2026-08-05 17:12:59.433180
917,380,cancelled,2026-01-01 18:58:47.046446
918,132,shipped,2026-02-19 00:10:23.304973
919,193,cancelled,2026-07-14 04:27:09.295247
920,135,created,2026-02-14 20:47:02.256508
921,64,created,2026-07-30 01:12:00.957014
922,434,shipped,2026-06-28 12:58:34.398200
923,266,cancelled,2026-05-25 09:21:38.685842
924,14,shipped,2025-12-13 07:40:54.918719
925,216,cancelled,2026-06-15 05:12:39.339898
926,222,paid,2025-11-24 04:37:34.938130
927,474,paid,2026-04-10 06:29:26.889031
928,67,created,2025-08-13 16:06:05.059150
929,110,shipped,2026-06-16 05:13:09.815416
930,137,delivered,2025-11-08 04:27:02.168506
931,487,created,2026-02-01 01:54:49.358961
932,292,delivered,2026-05-09 22:52:27.574522
933,425,created,2025-08-13 18:17:19.981957
934,218,shipped,2026-02-25 13:52:53.641145
935,475,shipped,2025-10-15 13:19:32.090386
936,360,cancelled,2025-09-17 02:23:20.992619
937,208,delivered,2025-10-23 20:27:22.889102
938,261,cancelled,2025-12-01 16:10:16.739619
939,218,created,2025-12-15 19:07:08.744163
940,393,delivered,2025-08-14 03:35:52.692153
941,146,shipped,2025-09-16 09:11:09.063164
942,471,created,2026-06-28 18:33:48.865914
943,90,shipped,2026-06-08 20:46:49.652446
944,369,delivered,2026-03-11 19:49:26.334134
945,353,shipped,2026-02-26 03:12:39.569491
946,87,cancelled,2026-07-26 08:36:00.044598
947,148,paid,2025-11-30 03:33:02.327249
948,441,cancelled,2025-09-08 00:09:01.525118
949,332,paid,2026-05-01 19:54:05.337319
950,252,cancelled,2025-10-29 08:11:17.426767
951,321,delivered,2026-01-18 21:18:48.408224
952,116,cancelled,2026-04-02 21:22:14.727420
953,367,shipped,2025-11-27 01:30:32.769936
954,16,cancelled,2026-05-07 12:24:15.742973
955,205,paid,2025-09-05 04:34:53.621681
956,346,shipped,2025-11-08 14:49:08.111695
957,438,paid,2026-01-19 20:01:05.023334
958,253,cancelled,2025-10-09 07:49:02.924614
959,427,created,2026-02-09 12:47:16.722675
960,83,created,2026-03-26 07:42:35.219175
961,388,paid,2026-01-20 00:37:07.184932
962,224,paid,2026-03-12 15:44:12.908316
963,481,paid,2025-08-08 07:06:14.522315
964,167,delivered,2026-03-02 23:08:53.755209
965,129,cancelled,2026-03-16 08:47:04.569750
966,364,paid,2025-12-21 03:04:04.360355
967,279,delivered,2026-07-21 04:52:32.909366
968,448,paid,2026-06-23 10:51:12.263133
969,10,paid,2026-05-05 21:59:21.844044
970,464,delivered,2026-07-25 17:03:42.862535
971,42,created,2025-10-08 10:42:33.406676
972,483,shipped,2025-08-26 02:12:45.110917
973,178,created,2025-11-19 01:12:36.090909
974,224,created,2026-01-03 11:28:12.991615
975,102,delivered,2026-03-29 21:47:39.787739
976,261,delivered,2025-11-24 18:24:09.416615
977,300,created,2025-09-17 06:32:11.583457
978,381,paid,2026-02-12 21:21:03.737780
979,245,delivered,2026-03-22 01:54:05.202103
980,105,delivered,2025-10-05 18:35:53.723760
981,347,shipped,2025-08-19 12:25:54.946434
982,462,paid,2025-12-01 13:52:34.687080
983,343,created,2026-05-26 03:09:39.294255
984,420,paid,2026-06-07 18:09:19.112515
985,135,delivered,2025-08-20 23:37:22.751569
986,489,cancelled,2026-01-30 03:09:56.808522
987,254,paid,2025-11-26 02:04:54.225490
988,451,shipped,2026-03-31 04:41:54.255052
989,18,created,2026-05-05 03:35:15.903738
990,435,cancelled,2025-09-06 17:01:40.335143
991,326,delivered,2026-07-08 06:59:25.564627
992,69,cancelled,2026-07-15 13:48:49.493285
993,136,delivered,2026-04-11 10:02:16.762620
994,8,paid,2026-07-18 14:56:33.871567
995,399,shipped,2025-09-26 04:26:04.820328
996,180,cancelled,2026-03-17 22:57:12.263866
997,465,delivered,2025-10-18 06:52:41.736270
998,243,paid,2026-03-24 01:53:45.307562
999,471,delivered,2025-09-18 22:43:21.965605
1000,454,paid,2026-04-28 06:44:22.590621
