order_item_id,order_id,product_id,quantity,unit_price
1,1,80,3,844.64
2,1,2,2,837.35
3,2,8,4,925.04
4,2,23,2,603.7
5,2,31,2,1473.64
6,2,23,2,603.7
7,2,16,1,845.16
8,3,58,1,233.2
9,4,5,2,251.41
10,4,75,2,18.15
11,4,31,2,1473.64
12,4,4,4,972.01
13,4,26,1,932.78
14,5,37,4,193.17
15,5,40,2,1238.64
16,5,65,3,355.68
17,5,95,1,1208.41
18,6,43,1,1324.9
19,7,30,2,1132.24
20,7,63,2,256.0
21,7,61,1,1175.42
22,7,27,2,660.38
23,7,17,3,1042.88
24,8,67,1,88.28
25,8,54,4,259.17
26,9,78,1,1319.67
27,9,5,1,251.41
28,10,63,3,256.0
29,10,62,4,569.78
30,10,54,3,259.17
31,10,94,3,486.72
32,10,86,1,376.51
33,11,92,1,1192.5
34,11,39,1,918.09
35,11,37,1,193.17
36,12,30,2,1132.24
37,12,58,2,233.2
38,12,45,2,898.88
39,12,73,2,182.84
40,13,68,1,1188.53
41,13,91,1,1370.82
42,14,93,2,446.2
43,14,38,1,1167.69
44,14,45,4,898.88
45,15,99,3,1245.74
46,15,3,1,655.19
47,15,95,4,1208.41
48,15,87,4,1490.41
49,15,60,2,94.89
50,16,79,2,1418.49
51,16,63,2,256.0
52,16,57,2,400.14
53,17,100,3,576.13
54,17,4,3,972.01
55,17,38,3,1167.69
56,17,24,3,1169.94
57,17,32,1,1068.84
58,18,85,3,1118.95
59,18,13,2,759.47
60,18,86,1,376.51
61,18,60,3,94.89
62,19,42,1,311.73
63,19,66,2,1159.19
64,19,28,2,381.19
65,19,36,3,1427.48
66,20,9,4,1411.53
67,20,58,1,233.2
68,21,46,3,1214.27
69,21,44,2,743.4
70,22,74,4,148.11
71,22,78,3,1319.67
72,22,17,2,1042.88
73,22,24,4,1169.94
74,22,36,2,1427.48
75,23,29,1,795.63
76,23,72,2,624.0
77,23,23,2,603.7
78,24,65,4,355.68
79,25,8,1,925.04
80,25,88,2,1143.75
81,26,65,4,355.68
82,26,100,1,576.13
83,26,98,2,868.05
84,27,98,4,868.05
85,27,70,1,1406.93
86,28,30,1,1132.24
87,28,25,2,594.58
88,28,36,3,1427.48
89,29,74,1,148.11
90,29,73,1,182.84
91,30,35,1,907.13
92,31,72,3,624.0
93,32,9,3,1411.53
94,33,2,3,837.35
95,34,53,4,239.92
96,34,13,2,759.47
97,34,34,1,1186.43
98,34,35,3,907.13
99,34,96,4,427.47
100,35,52,4,1104.16
101,35,52,2,1104.16
102,35,55,2,579.41
103,36,72,3,624.0
104,36,64,2,536.0
105,36,96,3,427.47
106,37,55,1,579.41
107,37,39,1,918.09
108,37,55,2,579.41
109,38,63,2,256.0
110,38,39,2,918.09
111,38,23,1,603.7
112,39,44,3,743.4
113,39,58,1,233.2
114,40,37,3,193.17
115,40,29,2,795.63
116,40,22,2,363.16
117,40,72,2,624.0
118,41,55,1,579.41
119,41,1,3,1434.78
120,41,33,2,461.67
121,41,56,4,160.91
122,42,71,2,223.41
123,42,75,1,18.15
124,42,89,4,1408.92
125,43,31,4,1473.64
126,43,17,2,1042.88
127,43,24,1,1169.94
128,44,20,3,130.27
129,44,30,1,1132.24
130,44,21,2,1037.23
131,44,85,3,1118.95
132,44,68,1,1188.53
133,45,84,2,1280.63
134,45,61,1,1175.42
135,45,37,2,193.17
136,46,55,3,579.41
137,46,39,2,918.09
138,46,27,3,660.38
139,47,97,1,531.36
140,48,14,2,933.26
141,49,29,4,795.63
142,49,16,1,845.16
143,49,89,1,1408.92
144,49,15,1,521.18
145,49,35,3,907.13
146,50,74,2,148.11
147,51,88,1,1143.75
148,52,12,2,1345.49
149,53,60,3,94.89
150,53,88,2,1143.75
151,54,14,2,933.26
152,54,50,3,230.38
153,54,87,3,1490.41
154,54,89,4,1408.92
155,55,15,4,521.18
156,56,66,3,1159.19
157,56,15,4,521.18
158,56,56,2,160.91
159,57,13,2,759.47
160,57,56,2,160.91
161,57,62,4,569.78
162,57,96,4,427.47
163,57,66,3,1159.19
164,58,20,2,130.27
165,58,15,2,521.18
166,58,17,2,1042.88
167,59,92,3,1192.5
168,59,70,4,1406.93
169,59,77,4,1331.35
170,59,38,4,1167.69
171,60,4,2,972.01
172,60,54,3,259.17
173,60,82,4,1410.85
174,60,25,3,594.58
175,61,11,1,775.95
176,62,68,1,1188.53
177,62,78,3,1319.67
178,63,30,3,1132.24
179,63,18,3,531.15
180,63,83,1,266.54
181,63,15,4,521.18
182,64,80,3,844.64
183,64,91,4,1370.82
184,64,6,4,369.55
185,64,36,1,1427.48
186,65,8,3,925.04
187,65,77,1,1331.35
188,65,77,3,1331.35
189,65,30,1,1132.24
190,65,32,1,1068.84
191,66,80,3,844.64
192,67,8,1,925.04
193,67,25,2,594.58
194,67,13,1,759.47
195,67,93,3,446.2
196,67,40,4,1238.64
197,68,32,4,1068.84
198,68,24,1,1169.94
199,69,54,1,259.17
200,69,5,1,251.41
201,69,67,4,88.28
202,69,78,2,1319.67
203,69,86,4,376.51
204,70,89,4,1408.92
205,70,45,2,898.88
206,70,96,1,427.47
207,70,5,4,251.41
208,71,81,2,997.68
209,71,89,2,1408.92
210,72,95,1,1208.41
211,73,97,1,531.36
212,74,81,3,997.68
213,74,60,3,94.89
214,74,17,1,1042.88
215,74,1,1,1434.78
216,75,20,3,130.27
217,75,43,3,1324.9
218,76,24,3,1169.94
219,76,91,2,1370.82
220,76,58,3,233.2
221,77,97,4,531.36
222,77,19,3,737.08
223,78,7,2,637.24
224,78,23,2,603.7
225,78,16,3,845.16
226,79,53,4,239.92
227,79,54,3,259.17
228,79,87,1,1490.41
229,80,68,3,1188.53
230,80,33,1,461.67
231,80,96,3,427.47
232,81,82,2,1410.85
233,81,60,3,94.89
234,82,47,3,1046.57
235,82,39,2,918.09
236,82,59,2,989.77
237,82,10,2,260.29
238,82,64,2,536.0
239,83,8,2,925.04
240,84,28,2,381.19
241,84,21,2,1037.23
242,84,84,1,1280.63
243,85,66,4,1159.19
244,86,47,2,1046.57
245,86,80,1,844.64
246,86,6,2,369.55
247,86,68,4,1188.53
248,86,8,3,925.04
249,87,98,4,868.05
250,88,89,3,1408.92
251,88,62,4,569.78
252,89,36,3,1427.48
253,89,99,2,1245.74
254,89,70,2,1406.93
255,89,66,4,1159.19
256,89,16,2,845.16
257,90,73,2,182.84
258,90,64,2,536.0
259,90,41,3,882.3
260,90,55,3,579.41
261,90,60,1,94.89
262,91,88,3,1143.75
263,91,35,2,907.13
264,91,29,2,795.63
265,91,31,2,1473.64
266,91,25,1,594.58
267,92,14,3,933.26
268,92,47,1,1046.57
269,93,22,1,363.16
270,93,69,2,1319.6
271,94,84,2,1280.63
272,94,34,4,1186.43
273,94,50,4,230.38
274,95,43,4,1324.9
275,96,45,4,898.88
276,96,63,3,256.0
277,96,72,1,624.0
278,96,60,4,94.89
279,96,30,4,1132.24
280,97,96,1,427.47
281,97,44,2,743.4
282,97,47,1,1046.57
283,97,86,2,376.51
284,98,85,2,1118.95
285,98,8,1,925.04
286,98,85,3,1118.95
287,98,29,2,795.63
288,98,30,2,1132.24
289,99,39,4,918.09
290,99,27,1,660.38
291,100,12,4,1345.49
292,100,32,3,1068.84
293,100,99,2,1245.74
294,100,81,4,997.68
295,101,7,1,637.24
296,101,71,3,223.41
297,101,1,3,1434.78
298,101,92,1,1192.5
299,102,27,4,660.38
300,102,18,3,531.15
301,102,40,1,1238.64
302,103,52,3,1104.16
303,103,29,3,795.63
304,103,54,4,259.17
305,104,16,4,845.16
306,104,37,2,193.17
307,104,94,3,486.72
308,104,56,3,160.91
309,104,91,3,1370.82
310,105,33,2,461.67
311,105,1,1,1434.78
312,105,16,2,845.16
313,105,12,1,1345.49
314,106,63,3,256.0
315,106,2,1,837.35
316,106,23,1,603.7
317,107,89,1,1408.92
318,108,83,3,266.54
319,108,61,4,1175.42
320,108,82,4,1410.85
321,108,82,4,1410.85
322,108,25,4,594.58
323,109,13,2,759.47
324,109,12,3,1345.49
325,109,24,4,1169.94
326,109,60,2,94.89
327,110,41,4,882.3
328,111,54,1,259.17
329,111,16,2,845.16
330,111,92,2,1192.5
331,111,34,2,1186.43
332,112,35,4,907.13
333,112,3,4,655.19
334,113,73,1,182.84
335,113,74,2,148.11
336,113,63,4,256.0
337,113,94,3,486.72
338,114,10,3,260.29
339,114,97,4,531.36
340,114,78,2,1319.67
341,115,78,2,1319.67
342,115,64,1,536.0
343,115,98,2,868.05
344,116,32,4,1068.84
345,116,3,4,655.19
346,116,11,2,775.95
347,117,63,4,256.0
348,117,60,1,94.89
349,117,44,4,743.4
350,118,5,1,251.41
351,118,2,2,837.35
352,118,16,3,845.16
353,119,39,2,918.09
354,119,17,2,1042.88
355,119,77,3,1331.35
356,119,23,3,603.7
357,119,29,4,795.63
358,120,12,4,1345.49
359,120,65,2,355.68
360,120,79,4,1418.49
361,120,76,1,959.92
362,120,49,3,699.44
363,121,39,2,918.09
364,121,44,4,743.4
365,122,99,3,1245.74
366,123,72,2,624.0
367,123,1,1,1434.78
368,123,45,3,898.88
369,123,65,4,355.68
370,124,72,3,624.0
371,124,59,3,989.77
372,124,41,3,882.3
373,124,96,2,427.47
374,124,26,1,932.78
375,125,48,3,161.49
376,125,69,3,1319.6
377,125,92,3,1192.5
378,125,51,4,606.53
379,126,75,4,18.15
380,126,65,1,355.68
381,127,76,1,959.92
382,127,77,2,1331.35
383,127,76,3,959.92
384,127,4,1,972.01
385,128,55,3,579.41
386,128,15,2,521.18
387,129,23,1,603.7
388,129,92,4,1192.5
389,129,4,3,972.01
390,129,34,2,1186.43
391,129,17,3,1042.88
392,130,58,1,233.2
393,130,80,3,844.64
394,130,65,3,355.68
395,131,27,3,660.38
396,131,66,1,1159.19
397,132,7,4,637.24
398,132,56,3,160.91
399,132,41,1,882.3
400,133,69,2,1319.6
401,134,75,2,18.15
402,134,24,2,1169.94
403,134,61,2,1175.42
404,134,51,2,606.53
405,134,36,4,1427.48
406,135,79,4,1418.49
407,135,42,3,311.73
408,135,22,2,363.16
409,135,77,3,1331.35
410,135,11,3,775.95
411,136,92,1,1192.5
412,136,7,4,637.24
413,137,8,4,925.04
414,138,64,2,536.0
415,138,68,1,1188.53
416,139,67,2,88.28
417,139,9,3,1411.53
418,139,79,4,1418.49
419,140,47,2,1046.57
420,141,14,3,933.26
421,141,86,4,376.51
422,141,70,1,1406.93
423,141,13,4,759.47
424,141,77,1,1331.35
425,142,80,1,844.64
426,142,22,1,363.16
427,142,7,2,637.24
428,142,31,4,1473.64
429,143,83,3,266.54
430,143,79,4,1418.49
431,144,14,4,933.26
432,144,33,4,461.67
433,144,52,1,1104.16
434,144,49,3,699.44
435,145,6,1,369.55
436,145,55,4,579.41
437,145,66,3,1159.19
438,146,55,3,579.41
439,147,16,1,845.16
440,147,48,2,161.49
441,147,76,1,959.92
442,148,46,4,1214.27
443,149,78,1,1319.67
444,149,88,1,1143.75
445,150,93,4,446.2
446,150,79,1,1418.49
447,150,34,2,1186.43
448,150,33,1,461.67
449,150,9,2,1411.53
450,151,9,2,1411.53
451,151,60,3,94.89
452,152,24,4,1169.94
453,152,98,4,868.05
454,152,74,2,148.11
455,152,100,4,576.13
456,153,23,4,603.7
457,153,43,1,1324.9
458,154,85,2,1118.95
459,155,62,3,569.78
460,155,66,4,1159.19
461,155,58,1,233.2
462,155,36,1,1427.48
463,155,21,4,1037.23
464,156,50,4,230.38
465,156,46,2,1214.27
466,156,67,3,88.28
467,157,88,2,1143.75
468,157,41,4,882.3
469,157,5,2,251.41
470,157,32,1,1068.84
471,158,87,1,1490.41
472,159,55,1,579.41
473,159,90,3,1128.62
474,159,11,1,775.95
475,160,58,1,233.2
476,160,93,4,446.2
477,161,85,3,1118.95
478,161,86,3,376.51
479,161,21,3,1037.23
480,161,92,1,1192.5
481,162,14,4,933.26
482,162,81,1,997.68
483,163,31,1,1473.64
484,163,88,2,1143.75
485,163,13,1,759.47
486,163,8,2,925.04
487,164,79,4,1418.49
488,165,39,1,918.09
489,165,14,2,933.26
490,165,85,2,1118.95
491,165,3,1,655.19
492,165,98,3,868.05
493,166,8,2,925.04
494,166,96,4,427.47
495,166,21,4,1037.23
496,166,1,3,1434.78
497,167,54,2,259.17
498,168,39,2,918.09
499,169,9,3,1411.53
500,169,48,4,161.49
501,169,25,3,594.58
502,169,82,4,1410.85
503,169,47,2,1046.57
504,170,94,2,486.72
505,170,88,4,1143.75
506,171,1,4,1434.78
507,171,42,1,311.73
508,171,64,2,536.0
509,172,45,1,898.88
510,173,27,2,660.38
511,174,3,2,655.19
512,175,11,4,775.95
513,175,67,4,88.28
514,175,46,4,1214.27
515,175,36,2,1427.48
516,176,90,1,1128.62
517,177,32,1,1068.84
518,178,98,2,868.05
519,178,73,4,182.84
520,179,14,3,933.26
521,179,91,4,1370.82
522,179,56,2,160.91
523,180,65,3,355.68
524,180,41,2,882.3
525,180,62,4,569.78
526,180,15,3,521.18
527,181,86,1,376.51
528,182,60,1,94.89
529,182,67,3,88.28
530,182,69,1,1319.6
531,182,6,4,369.55
532,183,17,2,1042.88
533,184,61,4,1175.42
534,184,72,3,624.0
535,184,61,4,1175.42
536,185,69,3,1319.6
537,185,91,3,1370.82
538,185,82,2,1410.85
539,185,12,3,1345.49
540,186,33,1,461.67
541,187,15,4,521.18
542,187,61,4,1175.42
543,188,27,4,660.38
544,188,24,3,1169.94
545,189,58,2,233.2
546,189,44,2,743.4
547,189,34,4,1186.43
548,189,55,3,579.41
549,190,14,3,933.26
550,190,92,4,1192.5
551,191,22,2,363.16
552,192,78,4,1319.67
553,193,16,3,845.16
554,193,72,4,624.0
555,194,72,3,624.0
556,194,100,3,576.13
557,194,61,2,1175.42
558,194,69,3,1319.6
559,194,42,1,311.73
560,195,52,1,1104.16
561,195,14,1,933.26
562,196,73,1,182.84
563,197,37,4,193.17
564,197,14,4,933.26
565,198,42,1,311.73
566,199,69,3,1319.6
567,199,52,3,1104.16
568,200,92,4,1192.5
569,201,12,3,1345.49
570,201,37,2,193.17
571,201,76,2,959.92
572,201,89,1,1408.92
573,202,87,3,1490.41
574,202,46,3,1214.27
575,202,8,4,925.04
576,202,32,2,1068.84
577,202,2,1,837.35
578,203,67,4,88.28
579,203,87,4,1490.41
580,203,5,1,251.41
581,203,36,4,1427.48
582,203,19,1,737.08
583,204,16,1,845.16
584,204,70,2,1406.93
585,204,15,4,521.18
586,204,100,1,576.13
587,205,79,2,1418.49
588,206,24,4,1169.94
589,206,4,1,972.01
590,207,22,2,363.16
591,207,64,1,536.0
592,208,75,3,18.15
593,208,23,4,603.7
594,208,92,3,1192.5
595,208,62,4,569.78
596,208,22,4,363.16
597,209,48,2,161.49
598,209,27,3,660.38
599,210,18,4,531.15
600,210,57,4,400.14
601,210,35,1,907.13
602,210,36,4,1427.48
603,210,28,3,381.19
604,211,26,2,932.78
605,211,8,2,925.04
606,211,96,1,427.47
607,211,60,1,94.89
608,212,59,2,989.77
609,212,18,2,531.15
610,212,83,2,266.54
611,212,55,3,579.41
612,212,15,4,521.18
613,213,86,3,376.51
614,213,38,3,1167.69
615,213,10,3,260.29
616,213,33,2,461.67
617,214,50,3,230.38
618,214,53,2,239.92
619,214,39,2,918.09
620,214,70,4,1406.93
621,215,33,2,461.67
622,215,2,1,837.35
623,216,89,3,1408.92
624,217,60,4,94.89
625,217,87,4,1490.41
626,217,32,4,1068.84
627,217,94,2,486.72
628,217,88,4,1143.75
629,218,92,2,1192.5
630,218,42,3,311.73
631,218,12,2,1345.49
632,219,43,2,1324.9
633,219,22,2,363.16
634,219,98,2,868.05
635,220,83,1,266.54
636,220,78,1,1319.67
637,220,96,2,427.47
638,221,83,3,266.54
639,221,11,4,775.95
640,221,15,3,521.18
641,222,62,4,569.78
642,222,53,4,239.92
643,222,40,1,1238.64
644,223,26,3,932.78
645,223,55,3,579.41
646,223,68,1,1188.53
647,223,41,4,882.3
648,224,90,3,1128.62
649,224,61,4,1175.42
650,224,65,1,355.68
651,225,29,1,795.63
652,225,76,4,959.92
653,225,35,4,907.13
654,225,55,3,579.41
655,225,13,2,759.47
656,226,57,2,400.14
657,226,42,4,311.73
658,226,74,2,148.11
659,226,28,4,381.19
660,227,86,4,376.51
661,228,57,2,400.14
662,228,74,1,148.11
663,229,28,2,381.19
664,230,17,1,1042.88
665,230,20,4,130.27
666,231,48,1,161.49
667,231,54,3,259.17
668,231,11,1,775.95
669,231,54,3,259.17
670,232,72,3,624.0
671,232,6,4,369.55
672,232,78,2,1319.67
673,232,59,4,989.77
674,233,89,2,1408.92
675,233,3,3,655.19
676,234,21,1,1037.23
677,234,4,2,972.01
678,234,88,4,1143.75
679,234,38,2,1167.69
680,235,7,3,637.24
681,236,16,1,845.16
682,237,76,4,959.92
683,237,76,2,959.92
684,237,40,1,1238.64
685,237,79,1,1418.49
686,238,22,3,363.16
687,238,30,2,1132.24
688,239,7,4,637.24
689,240,48,3,161.49
690,241,19,2,737.08
691,242,67,4,88.28
692,242,49,3,699.44
693,242,40,2,1238.64
694,243,90,1,1128.62
695,243,79,2,1418.49
696,243,5,3,251.41
697,243,96,3,427.47
698,243,36,4,1427.48
699,244,43,1,1324.9
700,244,68,3,1188.53
701,244,76,2,959.92
702,244,93,4,446.2
703,244,6,3,369.55
704,245,53,1,239.92
705,245,77,1,1331.35
706,245,14,2,933.26
707,245,47,1,1046.57
708,246,75,2,18.15
709,246,46,3,1214.27
710,247,24,2,1169.94
711,247,9,2,1411.53
712,248,19,1,737.08
713,248,23,4,603.7
714,248,98,1,868.05
715,248,20,2,130.27
716,248,42,1,311.73
717,249,6,4,369.55
718,249,85,2,1118.95
719,249,76,3,959.92
720,249,97,4,531.36
721,249,89,2,1408.92
722,250,49,3,699.44
723,251,49,2,699.44
724,251,54,3,259.17
725,251,14,1,933.26
726,251,20,4,130.27
727,251,30,1,1132.24
728,252,29,1,795.63
729,252,75,2,18.15
730,252,79,1,1418.49
731,253,80,1,844.64
732,254,30,3,1132.24
733,254,77,3,1331.35
734,254,90,3,1128.62
735,254,46,3,1214.27
736,254,37,4,193.17
737,255,72,3,624.0
738,256,47,3,1046.57
739,256,37,1,193.17
740,256,94,4,486.72
741,256,96,2,427.47
742,256,67,3,88.28
743,257,94,1,486.72
744,258,91,3,1370.82
745,258,90,2,1128.62
746,258,55,1,579.41
747,259,30,3,1132.24
748,259,74,4,148.11
749,259,99,4,1245.74
750,259,21,3,1037.23
751,260,37,1,193.17
752,260,53,3,239.92
753,260,67,2,88.28
754,260,93,3,446.2
755,261,100,1,576.13
756,261,15,2,521.18
757,261,20,4,130.27
758,261,8,1,925.04
759,261,84,1,1280.63
760,262,98,4,868.05
761,263,71,1,223.41
762,263,70,4,1406.93
763,263,85,1,1118.95
764,263,56,1,160.91
765,263,4,2,972.01
766,264,78,2,1319.67
767,264,1,1,1434.78
768,264,8,2,925.04
769,264,63,2,256.0
770,264,4,1,972.01
771,265,40,4,1238.64
772,266,14,4,933.26
773,266,88,2,1143.75
774,266,84,4,1280.63
775,267,29,3,795.63
776,267,4,4,972.01
777,267,2,3,837.35
778,267,78,2,1319.67
779,268,1,2,1434.78
780,268,17,4,1042.88
781,268,43,1,1324.9
782,269,12,3,1345.49
783,269,45,1,898.88
784,269,41,4,882.3
785,270,74,3,148.11
786,270,37,2,193.17
787,270,43,2,1324.9
788,270,80,3,844.64
789,271,39,2,918.09
790,271,47,1,1046.57
791,271,38,3,1167.69
792,271,74,2,148.11
793,271,14,4,933.26
794,272,3,4,655.19
795,272,42,1,311.73
796,272,17,2,1042.88
797,272,31,1,1473.64
798,272,26,4,932.78
799,273,6,3,369.55
800,273,85,3,1118.95
801,273,83,1,266.54
802,273,62,3,569.78
803,274,74,2,148.11
804,274,89,4,1408.92
805,275,44,1,743.4
806,275,49,4,699.44
807,275,20,3,130.27
808,276,86,2,376.51
809,277,83,4,266.54
810,278,42,1,311.73
811,278,82,4,1410.85
812,279,34,2,1186.43
813,279,71,2,223.41
814,279,41,1,882.3
815,280,40,2,1238.64
816,281,25,4,594.58
817,281,23,1,603.7
818,281,6,2,369.55
819,281,30,1,1132.24
820,282,30,1,1132.24
821,282,100,4,576.13
822,282,13,4,759.47
823,283,69,1,1319.6
824,283,90,1,1128.62
825,283,90,4,1128.62
826,283,69,3,1319.6
827,284,73,2,182.84
828,284,6,2,369.55
829,285,25,2,594.58
830,285,43,4,1324.9
831,285,62,4,569.78
832,285,9,2,1411.53
833,285,66,2,1159.19
834,286,13,2,759.47
835,287,32,1,1068.84
836,288,61,2,1175.42
837,288,28,3,381.19
838,289,81,1,997.68
839,289,86,1,376.51
840,289,58,2,233.2
841,289,1,2,1434.78
842,289,37,4,193.17
843,290,82,1,1410.85
844,290,51,3,606.53
845,290,84,1,1280.63
846,290,93,2,446.2
847,291,75,3,18.15
848,292,86,4,376.51
849,292,89,2,1408.92
850,292,79,3,1418.49
851,292,40,2,1238.64
852,292,75,1,18.15
853,293,21,4,1037.23
854,293,50,2,230.38
855,293,25,2,594.58
856,293,33,3,461.67
857,294,15,3,521.18
858,294,42,3,311.73
859,294,36,1,1427.48
860,294,17,1,1042.88
861,294,32,4,1068.84
862,295,62,1,569.78
863,296,34,1,1186.43
864,297,4,1,972.01
865,297,23,3,603.7
866,297,39,1,918.09
867,298,93,3,446.2
868,298,15,2,521.18
869,298,42,3,311.73
870,298,54,2,259.17
871,299,88,1,1143.75
872,299,23,2,603.7
873,300,15,2,521.18
874,300,20,3,130.27
875,300,66,1,1159.19
876,300,94,2,486.72
877,301,78,2,1319.67
878,301,40,4,1238.64
879,301,21,1,1037.23
880,302,55,4,579.41
881,302,57,1,400.14
882,302,5,2,251.41
883,303,21,3,1037.23
884,304,90,3,1128.62
885,304,63,3,256.0
886,304,68,2,1188.53
887,304,40,3,1238.64
888,305,35,2,907.13
889,305,49,2,699.44
890,305,89,2,1408.92
891,306,3,1,655.19
892,306,14,2,933.26
893,306,57,3,400.14
894,307,32,2,1068.84
895,307,96,2,427.47
896,308,48,2,161.49
897,308,82,4,1410.85
898,309,88,3,1143.75
899,309,64,2,536.0
900,309,73,3,182.84
901,310,48,4,161.49
902,310,27,3,660.38
903,310,69,4,1319.6
904,310,52,4,1104.16
905,310,84,4,1280.63
906,311,69,3,1319.6
907,311,38,1,1167.69
908,312,81,3,997.68
909,312,33,1,461.67
910,312,32,2,1068.84
911,313,20,3,130.27
912,314,86,3,376.51
913,315,39,1,918.09
914,315,41,3,882.3
915,316,79,1,1418.49
916,316,92,3,1192.5
917,316,73,4,182.84
918,317,85,3,1118.95
919,318,89,3,1408.92
920,319,95,3,1208.41
921,319,7,4,637.24
922,320,92,3,1192.5
923,320,36,3,1427.48
924,320,58,1,233.2
925,320,41,4,882.3
926,320,62,1,569.78
927,321,24,4,1169.94
928,321,63,3,256.0
929,322,5,2,251.41
930,322,66,2,1159.19
931,323,76,2,959.92
932,323,53,2,239.92
933,323,18,3,531.15
934,323,4,3,972.01
935,323,71,4,223.41
936,324,89,3,1408.92
937,324,85,2,1118.95
938,324,55,1,579.41
939,325,87,4,1490.41
940,325,10,1,260.29
941,325,71,3,223.41
942,326,85,2,1118.95
943,326,58,2,233.2
944,326,12,2,1345.49
945,326,55,1,579.41
946,327,32,4,1068.84
947,327,31,4,1473.64
948,328,17,4,1042.88
949,328,61,3,1175.42
950,328,49,4,699.44
951,328,98,2,868.05
952,329,21,1,1037.23
953,329,86,2,376.51
954,329,43,3,1324.9
955,329,30,3,1132.24
956,330,30,4,1132.24
957,330,53,1,239.92
958,330,55,3,579.41
959,330,31,1,1473.64
960,331,60,4,94.89
961,331,27,1,660.38
962,331,72,3,624.0
963,331,19,3,737.08
964,331,13,1,759.47
965,332,45,4,898.88
966,333,97,3,531.36
967,333,12,1,1345.49
968,334,42,3,311.73
969,334,62,1,569.78
970,334,21,2,1037.23
971,334,73,1,182.84
972,335,8,3,925.04
973,336,93,3,446.2
974,337,85,3,1118.95
975,338,29,2,795.63
976,338,23,3,603.7
977,338,33,2,461.67
978,339,91,3,1370.82
979,339,47,3,1046.57
980,339,32,1,1068.84
981,340,49,3,699.44
982,341,55,4,579.41
983,341,86,3,376.51
984,342,58,2,233.2
985,342,65,3,355.68
986,342,92,4,1192.5
987,342,76,3,959.92
988,343,25,4,594.58
989,343,3,2,655.19
990,343,77,1,1331.35
991,344,56,2,160.91
992,344,98,1,868.05
993,344,85,3,1118.95
994,344,100,4,576.13
995,345,78,2,1319.67
996,345,99,3,1245.74
997,346,53,2,239.92
998,346,39,3,918.09
999,347,10,4,260.29
1000,347,88,2,1143.75
1001,347,65,1,355.68
1002,348,23,4,603.7
1003,349,94,4,486.72
1004,349,57,1,400.14
1005,350,50,3,230.38
1006,350,73,1,182.84
1007,350,23,1,603.7
1008,350,41,1,882.3
1009,350,39,1,918.09
1010,351,17,3,1042.88
1011,351,94,4,486.72
1012,352,97,2,531.36
1013,352,77,2,1331.35
1014,353,44,4,743.4
1015,353,52,2,1104.16
1016,354,92,2,1192.5
1017,354,51,2,606.53
1018,354,30,4,1132.24
1019,354,100,4,576.13
1020,355,88,4,1143.75
1021,355,76,4,959.92
1022,356,13,3,759.47
1023,356,66,4,1159.19
1024,356,11,3,775.95
1025,356,71,4,223.41
1026,357,32,2,1068.84
1027,357,79,2,1418.49
1028,357,63,1,256.0
1029,357,52,1,1104.16
1030,358,75,4,18.15
1031,359,79,1,1418.49
1032,359,68,1,1188.53
1033,359,31,3,1473.64
1034,359,98,3,868.05
1035,360,41,4,882.3
1036,360,20,3,130.27
1037,360,65,3,355.68
1038,360,100,2,576.13
1039,361,38,2,1167.69
1040,361,60,4,94.89
1041,361,83,2,266.54
1042,362,90,4,1128.62
1043,362,65,2,355.68
1044,362,2,2,837.35
1045,362,34,4,1186.43
1046,362,77,2,1331.35
1047,363,86,2,376.51
1048,363,45,4,898.88
1049,363,47,4,1046.57
1050,364,45,2,898.88
1051,364,28,2,381.19
1052,364,84,3,1280.63
1053,364,65,3,355.68
1054,365,90,3,1128.62
1055,366,50,2,230.38
1056,366,29,4,795.63
1057,367,100,2,576.13
1058,367,40,3,1238.64
1059,367,79,3,1418.49
1060,367,72,4,624.0
1061,368,34,2,1186.43
1062,369,56,3,160.91
1063,369,20,2,130.27
1064,369,31,4,1473.64
1065,369,96,3,427.47
1066,370,23,4,603.7
1067,370,32,4,1068.84
1068,370,62,1,569.78
1069,370,46,4,1214.27
1070,370,60,4,94.89
1071,371,22,4,363.16
1072,371,74,3,148.11
1073,372,26,2,932.78
1074,372,88,3,1143.75
1075,372,29,2,795.63
1076,373,83,2,266.54
1077,373,4,1,972.01
1078,373,38,3,1167.69
1079,374,27,3,660.38
1080,375,61,2,1175.42
1081,375,66,3,1159.19
1082,375,25,4,594.58
1083,375,57,4,400.14
1084,375,66,3,1159.19
1085,376,43,1,1324.9
1086,376,16,2,845.16
1087,377,5,3,251.41
1088,377,6,1,369.55
1089,378,85,2,1118.95
1090,379,37,2,193.17
1091,379,97,2,531.36
1092,380,28,4,381.19
1093,380,35,3,907.13
1094,380,71,3,223.41
1095,380,94,2,486.72
1096,381,45,2,898.88
1097,381,33,2,461.67
1098,381,43,3,1324.9
1099,382,10,2,260.29
1100,382,59,2,989.77
1101,383,56,4,160.91
1102,383,33,1,461.67
1103,383,67,3,88.28
1104,383,88,4,1143.75
1105,383,57,1,400.14
1106,384,97,2,531.36
1107,384,96,3,427.47
1108,384,64,3,536.0
1109,385,22,2,363.16
1110,385,53,4,239.92
1111,385,6,4,369.55
1112,386,98,2,868.05
1113,386,92,4,1192.5
1114,387,50,3,230.38
1115,387,63,4,256.0
1116,387,67,4,88.28
1117,387,22,3,363.16
1118,387,45,2,898.88
1119,388,16,4,845.16
1120,388,62,4,569.78
1121,388,63,1,256.0
1122,388,34,1,1186.43
1123,388,10,4,260.29
1124,389,97,1,531.36
1125,389,40,1,1238.64
1126,389,68,2,1188.53
1127,389,95,3,1208.41
1128,389,96,2,427.47
1129,390,1,1,1434.78
1130,390,61,4,1175.42
1131,390,68,1,1188.53
1132,391,40,3,1238.64
1133,392,38,1,1167.69
1134,392,46,2,1214.27
1135,392,79,3,1418.49
1136,392,91,1,1370.82
1137,393,94,2,486.72
1138,394,59,4,989.77
1139,394,10,4,260.29
1140,395,19,2,737.08
1141,395,8,1,925.04
1142,396,16,2,845.16
1143,396,65,1,355.68
1144,396,67,4,88.28
1145,396,96,1,427.47
1146,397,56,1,160.91
1147,397,81,4,997.68
1148,397,71,4,223.41
1149,397,64,4,536.0
1150,397,46,4,1214.27
1151,398,59,2,989.77
1152,398,37,1,193.17
1153,399,16,3,845.16
1154,400,56,2,160.91
1155,400,30,4,1132.24
1156,400,78,4,1319.67
1157,400,100,2,576.13
1158,401,22,1,363.16
1159,401,68,1,1188.53
1160,401,5,2,251.41
1161,401,33,1,461.67
1162,401,72,3,624.0
1163,402,19,1,737.08
1164,403,6,2,369.55
1165,404,53,3,239.92
1166,404,22,2,363.16
1167,404,9,3,1411.53
1168,404,54,1,259.17
1169,404,28,4,381.19
1170,405,24,2,1169.94
1171,405,10,4,260.29
1172,406,60,3,94.89
1173,406,73,2,182.84
1174,407,63,3,256.0
1175,407,85,4,1118.95
1176,408,15,3,521.18
1177,408,98,4,868.05
1178,408,83,3,266.54
1179,408,8,4,925.04
1180,409,9,3,1411.53
1181,409,70,1,1406.93
1182,409,70,3,1406.93
1183,409,38,1,1167.69
1184,409,79,3,1418.49
1185,410,65,3,355.68
1186,411,88,1,1143.75
1187,411,81,4,997.68
1188,412,73,1,182.84
1189,412,44,3,743.4
1190,412,42,1,311.73
1191,412,56,4,160.91
1192,412,94,1,486.72
1193,413,70,2,1406.93
1194,413,61,2,1175.42
1195,414,27,1,660.38
1196,414,31,1,1473.64
1197,414,84,1,1280.63
1198,414,7,4,637.24
1199,415,56,3,160.91
1200,415,86,3,376.51
1201,416,4,2,972.01
1202,417,90,1,1128.62
1203,417,49,4,699.44
1204,417,85,3,1118.95
1205,418,61,4,1175.42
1206,418,20,3,130.27
1207,418,87,3,1490.41
1208,419,66,2,1159.19
1209,419,66,1,1159.19
1210,420,38,1,1167.69
1211,421,75,3,18.15
1212,421,54,3,259.17
1213,422,26,4,932.78
1214,422,73,3,182.84
1215,422,81,4,997.68
1216,422,76,1,959.92
1217,423,30,3,1132.24
1218,423,80,1,844.64
1219,423,20,4,130.27
1220,424,78,3,1319.67
1221,424,44,1,743.4
1222,425,46,1,1214.27
1223,425,84,3,1280.63
1224,425,23,1,603.7
1225,425,64,2,536.0
1226,425,10,3,260.29
1227,426,65,2,355.68
1228,426,47,3,1046.57
1229,426,3,1,655.19
1230,427,78,2,1319.67
1231,427,6,2,369.55
1232,427,63,3,256.0
1233,427,45,4,898.88
1234,428,21,4,1037.23
1235,428,14,2,933.26
1236,428,5,4,251.41
1237,429,54,2,259.17
1238,429,52,4,1104.16
1239,430,17,4,1042.88
1240,430,70,3,1406.93
1241,430,40,2,1238.64
1242,430,13,3,759.47
1243,431,10,2,260.29
1244,432,46,3,1214.27
1245,432,88,4,1143.75
1246,432,11,1,775.95
1247,432,61,2,1175.42
1248,432,98,1,868.05
1249,433,65,2,355.68
1250,433,63,1,256.0
1251,433,61,4,1175.42
1252,433,62,1,569.78
1253,433,90,2,1128.62
1254,434,95,4,1208.41
1255,434,74,2,148.11
1256,434,23,3,603.7
1257,434,40,4,1238.64
1258,435,80,2,844.64
1259,435,53,3,239.92
1260,436,6,2,369.55
1261,436,21,2,1037.23
1262,437,10,4,260.29
1263,437,34,2,1186.43
1264,438,36,1,1427.48
1265,438,3,2,655.19
1266,438,26,3,932.78
1267,438,38,3,1167.69
1268,439,84,2,1280.63
1269,439,74,2,148.11
1270,439,75,3,18.15
1271,440,9,2,1411.53
1272,440,60,4,94.89
1273,440,64,3,536.0
1274,440,17,1,1042.88
1275,441,83,2,266.54
1276,441,57,3,400.14
1277,442,88,3,1143.75
1278,442,30,1,1132.24
1279,443,77,2,1331.35
1280,443,69,4,1319.6
1281,443,36,3,1427.48
1282,443,40,1,1238.64
1283,444,93,2,446.2
1284,444,48,1,161.49
1285,444,81,4,997.68
1286,444,90,2,1128.62
1287,445,45,4,898.88
1288,445,6,4,369.55
1289,445,2,1,837.35
1290,446,97,3,531.36
1291,447,4,4,972.01
1292,447,67,4,88.28
1293,447,94,3,486.72
1294,448,97,4,531.36
1295,448,39,3,918.09
1296,448,84,1,1280.63
1297,448,14,3,933.26
1298,448,82,1,1410.85
1299,449,41,4,882.3
1300,449,57,2,400.14
1301,449,97,3,531.36
1302,450,49,1,699.44
1303,451,18,3,531.15
1304,451,92,4,1192.5
1305,451,14,2,933.26
1306,452,69,4,1319.6
1307,452,36,1,1427.48
1308,452,15,2,521.18
1309,452,68,3,1188.53
1310,453,97,3,531.36
1311,453,13,3,759.47
1312,453,40,2,1238.64
1313,453,88,1,1143.75
1314,453,30,2,1132.24
1315,454,70,4,1406.93
1316,454,26,3,932.78
1317,454,2,3,837.35
1318,455,64,2,536.0
1319,456,2,1,837.35
1320,457,18,2,531.15
1321,457,83,3,266.54
1322,457,34,3,1186.43
1323,458,72,1,624.0
1324,458,1,3,1434.78
1325,458,72,1,624.0
1326,459,66,2,1159.19
1327,459,96,3,427.47
1328,459,24,2,1169.94
1329,460,5,3,251.41
1330,460,32,4,1068.84
1331,461,38,4,1167.69
1332,461,38,2,1167.69
1333,461,79,3,1418.49
1334,461,52,3,1104.16
1335,462,73,2,182.84
1336,462,9,2,1411.53
1337,462,90,1,1128.62
1338,463,53,2,239.92
1339,463,91,2,1370.82
1340,463,27,2,660.38
1341,463,69,1,1319.6
1342,463,19,2,737.08
1343,464,93,1,446.2
1344,464,1,4,1434.78
1345,464,45,1,898.88
1346,464,23,3,603.7
1347,464,55,4,579.41
1348,465,72,1,624.0
1349,465,26,1,932.78
1350,465,70,3,1406.93
1351,466,74,4,148.11
1352,466,47,3,1046.57
1353,467,75,3,18.15
1354,468,97,1,531.36
1355,468,14,1,933.26
1356,468,52,1,1104.16
1357,468,87,4,1490.41
1358,468,92,2,1192.5
1359,469,39,2,918.09
1360,469,28,2,381.19
1361,469,62,3,569.78
1362,469,70,1,1406.93
1363,470,70,2,1406.93
1364,471,73,1,182.84
1365,471,43,3,1324.9
1366,472,58,1,233.2
1367,472,27,2,660.38
1368,473,60,4,94.89
1369,473,32,4,1068.84
1370,473,64,3,536.0
1371,473,7,3,637.24
1372,473,12,4,1345.49
1373,474,33,4,461.67
1374,474,84,1,1280.63
1375,475,33,2,461.67
1376,475,78,4,1319.67
1377,475,57,1,400.14
1378,475,77,2,1331.35
1379,475,30,3,1132.24
1380,476,42,4,311.73
1381,476,89,3,1408.92
1382,477,27,4,660.38
1383,477,50,4,230.38
1384,477,69,4,1319.6
1385,477,89,3,1408.92
1386,478,73,4,182.84
1387,478,86,2,376.51
1388,479,35,1,907.13
1389,479,9,4,1411.53
1390,479,92,3,1192.5
1391,479,68,2,1188.53
1392,479,36,3,1427.48
1393,480,68,2,1188.53
1394,481,16,1,845.16
1395,481,28,2,381.19
1396,481,54,2,259.17
1397,482,55,2,579.41
1398,482,50,3,230.38
1399,482,9,3,1411.53
1400,483,14,3,933.26
1401,483,98,4,868.05
1402,484,26,2,932.78
1403,484,29,3,795.63
1404,484,82,3,1410.85
1405,484,42,1,311.73
1406,485,95,3,1208.41
1407,486,70,2,1406.93
1408,486,42,1,311.73
1409,486,58,1,233.2
1410,486,27,3,660.38
1411,486,73,1,182.84
1412,487,47,1,1046.57
1413,487,14,1,933.26
1414,487,72,4,624.0
1415,488,66,2,1159.19
1416,488,39,1,918.09
1417,488,21,2,1037.23
1418,489,37,3,193.17
1419,489,79,1,1418.49
1420,489,38,2,1167.69
1421,489,50,4,230.38
1422,490,21,1,1037.23
1423,490,69,4,1319.6
1424,490,49,3,699.44
1425,490,60,2,94.89
1426,490,12,4,1345.49
1427,491,76,1,959.92
1428,492,61,4,1175.42
1429,492,6,2,369.55
1430,493,63,3,256.0
1431,493,21,4,1037.23
1432,493,75,3,18.15
1433,493,42,1,311.73
1434,494,16,3,845.16
1435,494,87,4,1490.41
1436,494,2,3,837.35
1437,495,81,4,997.68
1438,496,19,3,737.08
1439,496,22,3,363.16
1440,496,17,1,1042.88
1441,496,96,4,427.47
1442,496,27,3,660.38
1443,497,95,4,1208.41
1444,497,23,4,603.7
1445,498,48,3,161.49
1446,498,64,3,536.0
1447,499,44,3,743.4
1448,500,82,1,1410.85
1449,500,87,3,1490.41
1450,500,71,1,223.41
1451,500,10,3,260.29
1452,501,93,1,446.2
1453,501,86,1,376.51
1454,501,88,4,1143.75
1455,501,5,2,251.41
1456,502,71,3,223.41
1457,502,79,4,1418.49
1458,502,42,2,311.73
1459,502,100,4,576.13
1460,503,46,1,1214.27
1461,504,50,2,230.38
1462,504,89,2,1408.92
1463,504,81,3,997.68
1464,505,86,4,376.51
1465,505,83,2,266.54
1466,506,94,1,486.72
1467,506,31,1,1473.64
1468,506,25,1,594.58
1469,506,57,2,400.14
1470,507,86,3,376.51
1471,507,23,3,603.7
1472,507,43,3,1324.9
1473,508,13,3,759.47
1474,508,6,3,369.55
1475,508,12,4,1345.49
1476,508,14,1,933.26
1477,508,7,3,637.24
1478,509,90,4,1128.62
1479,509,29,2,795.63
1480,510,87,2,1490.41
1481,510,80,1,844.64
1482,510,21,4,1037.23
1483,511,6,3,369.55
1484,511,71,2,223.41
1485,512,48,2,161.49
1486,512,77,4,1331.35
1487,512,72,4,624.0
1488,512,62,4,569.78
1489,512,31,3,1473.64
1490,513,40,4,1238.64
1491,513,16,4,845.16
1492,513,37,1,193.17
1493,513,76,1,959.92
1494,513,33,2,461.67
1495,514,58,2,233.2
1496,514,69,3,1319.6
1497,514,31,4,1473.64
1498,514,44,4,743.4
1499,515,4,3,972.01
1500,516,58,4,233.2
1501,516,11,2,775.95
1502,517,27,2,660.38
1503,517,26,4,932.78
1504,517,25,3,594.58
1505,517,68,4,1188.53
1506,518,77,2,1331.35
1507,518,96,3,427.47
1508,519,39,3,918.09
1509,519,75,1,18.15
1510,519,35,3,907.13
1511,519,15,3,521.18
1512,519,71,1,223.41
1513,520,59,3,989.77
1514,520,93,3,446.2
1515,520,76,2,959.92
1516,521,9,2,1411.53
1517,522,93,1,446.2
1518,523,57,1,400.14
1519,523,88,4,1143.75
1520,523,39,2,918.09
1521,523,97,2,531.36
1522,523,54,1,259.17
1523,524,8,3,925.04
1524,524,86,4,376.51
1525,524,78,4,1319.67
1526,524,42,3,311.73
1527,525,92,4,1192.5
1528,525,15,2,521.18
1529,526,22,2,363.16
1530,526,39,2,918.09
1531,527,37,4,193.17
1532,528,90,3,1128.62
1533,528,59,1,989.77
1534,528,56,3,160.91
1535,528,96,4,427.47
1536,529,61,4,1175.42
1537,529,36,4,1427.48
1538,529,91,3,1370.82
1539,529,59,1,989.77
1540,529,48,4,161.49
1541,530,9,1,1411.53
1542,530,50,1,230.38
1543,531,54,2,259.17
1544,531,92,3,1192.5
1545,532,64,2,536.0
1546,533,89,3,1408.92
1547,534,3,2,655.19
1548,534,21,2,1037.23
1549,534,69,1,1319.6
1550,534,92,3,1192.5
1551,534,34,3,1186.43
1552,535,48,3,161.49
1553,535,72,4,624.0
1554,536,17,2,1042.88
1555,536,22,3,363.16
1556,537,24,4,1169.94
1557,537,6,2,369.55
1558,538,21,1,1037.23
1559,538,77,3,1331.35
1560,538,100,1,576.13
1561,538,25,3,594.58
1562,538,5,2,251.41
1563,539,31,3,1473.64
1564,539,52,3,1104.16
1565,539,19,1,737.08
1566,539,48,3,161.49
1567,539,87,3,1490.41
1568,540,64,4,536.0
1569,540,64,2,536.0
1570,540,53,4,239.92
1571,541,50,4,230.38
1572,541,9,1,1411.53
1573,541,61,1,1175.42
1574,541,16,3,845.16
1575,541,24,4,1169.94
1576,542,28,2,381.19
1577,542,37,1,193.17
1578,542,63,1,256.0
1579,543,91,4,1370.82
1580,543,89,3,1408.92
1581,543,11,2,775.95
1582,543,90,1,1128.62
1583,543,12,3,1345.49
1584,544,93,4,446.2
1585,544,83,3,266.54
1586,544,11,2,775.95
1587,545,48,3,161.49
1588,545,15,1,521.18
1589,545,69,1,1319.6
1590,545,88,4,1143.75
1591,545,62,1,569.78
1592,546,9,3,1411.53
1593,547,52,4,1104.16
1594,548,21,3,1037.23
1595,548,80,1,844.64
1596,548,43,3,1324.9
1597,549,36,1,1427.48
1598,549,62,4,569.78
1599,549,70,1,1406.93
1600,550,4,1,972.01
1601,550,54,2,259.17
1602,550,55,2,579.41
1603,550,7,2,637.24
1604,551,80,1,844.64
1605,551,93,4,446.2
1606,551,36,2,1427.48
1607,551,18,1,531.15
1608,552,90,2,1128.62
1609,552,80,1,844.64
1610,552,87,1,1490.41
1611,552,44,3,743.4
1612,552,95,1,1208.41
1613,553,57,1,400.14
1614,553,4,1,972.01
1615,553,44,3,743.4
1616,553,54,4,259.17
1617,553,27,3,660.38
1618,554,86,3,376.51
1619,555,6,3,369.55
1620,555,67,4,88.28
1621,556,85,3,1118.95
1622,556,13,2,759.47
1623,556,33,1,461.67
1624,556,42,2,311.73
1625,556,72,2,624.0
1626,557,56,3,160.91
1627,557,98,4,868.05
1628,557,91,2,1370.82
1629,557,69,4,1319.6
1630,558,15,3,521.18
1631,558,30,1,1132.24
1632,558,4,3,972.01
1633,559,9,4,1411.53
1634,559,64,1,536.0
1635,560,78,1,1319.67
1636,560,68,3,1188.53
1637,560,38,1,1167.69
1638,561,16,2,845.16
1639,562,73,2,182.84
1640,562,57,3,400.14
1641,563,36,1,1427.48
1642,564,44,3,743.4
1643,564,25,2,594.58
1644,565,75,1,18.15
1645,566,39,2,918.09
1646,566,66,2,1159.19
1647,566,54,4,259.17
1648,566,43,3,1324.9
1649,566,62,1,569.78
1650,567,25,3,594.58
1651,567,90,3,1128.62
1652,568,74,3,148.11
1653,568,25,4,594.58
1654,568,27,4,660.38
1655,568,71,2,223.41
1656,568,48,4,161.49
1657,569,91,2,1370.82
1658,569,10,4,260.29
1659,569,60,2,94.89
1660,569,38,1,1167.69
1661,569,98,3,868.05
1662,570,25,1,594.58
1663,571,66,3,1159.19
1664,571,95,1,1208.41
1665,572,87,3,1490.41
1666,572,12,3,1345.49
1667,573,27,3,660.38
1668,573,64,1,536.0
1669,573,74,3,148.11
1670,573,76,2,959.92
1671,574,31,2,1473.64
1672,575,30,3,1132.24
1673,575,73,3,182.84
1674,575,10,3,260.29
1675,575,96,4,427.47
1676,576,4,4,972.01
1677,576,12,1,1345.49
1678,576,6,1,369.55
1679,576,49,1,699.44
1680,576,62,4,569.78
1681,577,45,3,898.88
1682,577,2,4,837.35
1683,577,98,1,868.05
1684,577,51,1,606.53
1685,577,9,3,1411.53
1686,578,4,2,972.01
1687,579,24,2,1169.94
1688,580,84,4,1280.63
1689,580,93,2,446.2
1690,580,29,2,795.63
1691,580,89,3,1408.92
1692,580,93,3,446.2
1693,581,64,3,536.0
1694,581,100,2,576.13
1695,581,80,3,844.64
1696,581,11,3,775.95
1697,582,34,4,1186.43
1698,582,78,3,1319.67
1699,582,2,2,837.35
1700,583,77,2,1331.35
1701,583,98,3,868.05
1702,583,69,4,1319.6
1703,583,92,3,1192.5
1704,584,60,2,94.89
1705,585,32,3,1068.84
1706,585,68,4,1188.53
1707,586,31,4,1473.64
1708,587,29,2,795.63
1709,587,45,2,898.88
1710,587,51,4,606.53
1711,587,65,1,355.68
1712,587,39,1,918.09
1713,588,76,4,959.92
1714,588,68,2,1188.53
1715,589,50,4,230.38
1716,589,61,2,1175.42
1717,589,21,1,1037.23
1718,590,58,2,233.2
1719,590,68,4,1188.53
1720,591,92,3,1192.5
1721,591,63,4,256.0
1722,591,22,4,363.16
1723,591,77,4,1331.35
1724,591,97,4,531.36
1725,592,1,3,1434.78
1726,592,32,3,1068.84
1727,592,21,2,1037.23
1728,593,47,1,1046.57
1729,593,87,3,1490.41
1730,593,70,2,1406.93
1731,593,74,1,148.11
1732,593,54,4,259.17
1733,594,25,2,594.58
1734,594,87,4,1490.41
1735,594,35,2,907.13
1736,594,83,1,266.54
1737,595,5,4,251.41
1738,595,28,2,381.19
1739,595,100,2,576.13
1740,595,63,4,256.0
1741,595,31,2,1473.64
1742,596,60,4,94.89
1743,597,10,4,260.29
1744,597,58,3,233.2
1745,597,83,2,266.54
1746,597,12,4,1345.49
1747,597,30,4,1132.24
1748,598,91,4,1370.82
1749,598,22,1,363.16
1750,598,76,2,959.92
1751,598,68,2,1188.53
1752,599,14,2,933.26
1753,599,78,3,1319.67
1754,599,61,1,1175.42
1755,600,62,1,569.78
1756,600,10,3,260.29
1757,600,23,1,603.7
1758,601,47,3,1046.57
1759,601,19,3,737.08
1760,601,50,1,230.38
1761,601,69,2,1319.6
1762,601,65,3,355.68
1763,602,56,2,160.91
1764,602,36,1,1427.48
1765,602,58,4,233.2
1766,603,35,4,907.13
1767,603,51,1,606.53
1768,603,82,1,1410.85
1769,603,11,2,775.95
1770,603,100,2,576.13
1771,604,31,4,1473.64
1772,604,71,1,223.41
1773,604,22,1,363.16
1774,605,38,1,1167.69
1775,605,51,2,606.53
1776,605,94,3,486.72
1777,605,42,1,311.73
1778,605,72,4,624.0
1779,606,87,1,1490.41
1780,606,61,1,1175.42
1781,606,43,3,1324.9
1782,606,43,1,1324.9
1783,606,56,1,160.91
1784,607,52,1,1104.16
1785,607,24,1,1169.94
1786,607,62,1,569.78
1787,608,34,1,1186.43
1788,609,29,1,795.63
1789,609,41,1,882.3
1790,609,62,4,569.78
1791,609,79,4,1418.49
1792,610,92,2,1192.5
1793,610,8,4,925.04
1794,610,19,3,737.08
1795,611,84,2,1280.63
1796,611,90,2,1128.62
1797,612,70,1,1406.93
1798,612,83,1,266.54
1799,612,32,2,1068.84
1800,613,38,1,1167.69
1801,613,14,2,933.26
1802,613,78,3,1319.67
1803,614,46,3,1214.27
1804,614,39,2,918.09
1805,614,63,2,256.0
1806,614,23,4,603.7
1807,615,40,1,1238.64
1808,615,55,2,579.41
1809,615,71,2,223.41
1810,615,91,2,1370.82
1811,615,37,3,193.17
1812,616,75,3,18.15
1813,616,31,1,1473.64
1814,617,33,4,461.67
1815,617,56,4,160.91
1816,617,22,1,363.16
1817,617,62,1,569.78
1818,617,85,2,1118.95
1819,618,68,2,1188.53
1820,618,71,4,223.41
1821,618,22,2,363.16
1822,618,53,4,239.92
1823,619,58,1,233.2
1824,619,81,2,997.68
1825,620,78,3,1319.67
1826,621,24,2,1169.94
1827,621,29,3,795.63
1828,621,8,2,925.04
1829,621,63,1,256.0
1830,622,76,1,959.92
1831,622,95,3,1208.41
1832,622,22,4,363.16
1833,622,35,3,907.13
1834,622,39,3,918.09
1835,623,46,1,1214.27
1836,624,10,2,260.29
1837,625,25,3,594.58
1838,625,44,2,743.4
1839,626,74,1,148.11
1840,626,55,4,579.41
1841,626,64,4,536.0
1842,626,64,4,536.0
1843,626,93,1,446.2
1844,627,78,4,1319.67
1845,627,95,1,1208.41
1846,627,16,2,845.16
1847,627,33,2,461.67
1848,627,77,4,1331.35
1849,628,81,4,997.68
1850,628,34,2,1186.43
1851,628,53,4,239.92
1852,628,13,4,759.47
1853,628,36,3,1427.48
1854,629,28,4,381.19
1855,629,30,3,1132.24
1856,629,53,1,239.92
1857,629,77,2,1331.35
1858,629,49,3,699.44
1859,630,9,3,1411.53
1860,630,81,2,997.68
1861,630,16,1,845.16
1862,631,27,2,660.38
1863,631,91,3,1370.82
1864,631,98,3,868.05
1865,632,100,4,576.13
1866,633,35,4,907.13
1867,633,8,4,925.04
1868,634,67,3,88.28
1869,634,38,1,1167.69
1870,634,76,3,959.92
1871,634,11,4,775.95
1872,635,44,3,743.4
1873,635,1,2,1434.78
1874,635,50,1,230.38
1875,635,23,1,603.7
1876,635,10,4,260.29
1877,636,4,3,972.01
1878,636,79,2,1418.49
1879,636,98,1,868.05
1880,637,37,3,193.17
1881,637,18,1,531.15
1882,637,39,4,918.09
1883,638,77,4,1331.35
1884,638,17,1,1042.88
1885,639,42,4,311.73
1886,639,23,1,603.7
1887,639,20,1,130.27
1888,639,10,1,260.29
1889,640,10,2,260.29
1890,641,64,4,536.0
1891,641,84,4,1280.63
1892,641,11,4,775.95
1893,642,33,1,461.67
1894,642,9,1,1411.53
1895,642,57,1,400.14
1896,642,30,4,1132.24
1897,642,20,4,130.27
1898,643,55,3,579.41
1899,643,57,4,400.14
1900,643,69,2,1319.6
1901,643,43,4,1324.9
1902,643,64,4,536.0
1903,644,20,2,130.27
1904,645,71,3,223.41
1905,645,89,4,1408.92
1906,646,100,2,576.13
1907,646,40,3,1238.64
1908,647,21,4,1037.23
1909,647,65,2,355.68
1910,648,100,4,576.13
1911,648,96,3,427.47
1912,649,50,4,230.38
1913,649,30,4,1132.24
1914,649,88,1,1143.75
1915,649,9,2,1411.53
1916,649,57,4,400.14
1917,650,86,4,376.51
1918,650,45,3,898.88
1919,650,75,3,18.15
1920,650,36,3,1427.48
1921,651,51,4,606.53
1922,651,59,2,989.77
1923,652,82,2,1410.85
1924,652,6,3,369.55
1925,652,25,3,594.58
1926,652,77,3,1331.35
1927,652,50,1,230.38
1928,653,8,3,925.04
1929,653,9,2,1411.53
1930,653,9,4,1411.53
1931,653,97,1,531.36
1932,653,90,1,1128.62
1933,654,81,4,997.68
1934,654,39,3,918.09
1935,654,15,2,521.18
1936,655,45,2,898.88
1937,655,20,1,130.27
1938,655,90,4,1128.62
1939,655,76,3,959.92
1940,655,56,1,160.91
1941,656,90,2,1128.62
1942,656,95,4,1208.41
1943,656,55,1,579.41
1944,657,54,4,259.17
1945,657,57,4,400.14
1946,658,75,1,18.15
1947,658,28,3,381.19
1948,658,87,2,1490.41
1949,658,92,3,1192.5
1950,658,47,2,1046.57
1951,659,50,1,230.38
1952,659,10,4,260.29
1953,659,88,2,1143.75
1954,659,23,1,603.7
1955,660,15,1,521.18
1956,660,36,4,1427.48
1957,661,25,1,594.58
1958,661,8,2,925.04
1959,662,90,1,1128.62
1960,662,72,4,624.0
1961,662,80,1,844.64
1962,662,76,1,959.92
1963,662,3,4,655.19
1964,663,56,3,160.91
1965,663,24,3,1169.94
1966,663,28,1,381.19
1967,663,99,3,1245.74
1968,664,7,4,637.24
1969,664,62,2,569.78
1970,664,98,3,868.05
1971,664,71,4,223.41
1972,665,36,1,1427.48
1973,665,56,2,160.91
1974,665,5,2,251.41
1975,665,3,3,655.19
1976,666,30,3,1132.24
1977,667,8,3,925.04
1978,668,63,1,256.0
1979,669,2,3,837.35
1980,669,63,1,256.0
1981,669,51,1,606.53
1982,669,95,2,1208.41
1983,670,41,3,882.3
1984,670,60,3,94.89
1985,670,69,3,1319.6
1986,670,19,4,737.08
1987,671,23,4,603.7
1988,671,69,4,1319.6
1989,672,94,1,486.72
1990,672,46,1,1214.27
1991,672,62,2,569.78
1992,672,50,3,230.38
1993,673,59,3,989.77
1994,673,53,2,239.92
1995,673,69,4,1319.6
1996,673,59,2,989.77
1997,674,77,3,1331.35
1998,674,100,2,576.13
1999,674,13,2,759.47
2000,674,44,1,743.4
2001,675,3,4,655.19
2002,675,55,2,579.41
2003,676,29,2,795.63
2004,676,72,2,624.0
2005,676,45,3,898.88
2006,676,58,2,233.2
2007,676,30,2,1132.24
2008,677,23,4,603.7
2009,677,44,4,743.4
2010,677,41,2,882.3
2011,677,75,3,18.15
2012,677,28,3,381.19
2013,678,56,2,160.91
2014,678,87,3,1490.41
2015,678,88,3,1143.75
2016,678,96,1,427.47
2017,679,69,4,1319.6
2018,679,54,2,259.17
2019,679,71,1,223.41
2020,680,64,2,536.0
2021,680,94,3,486.72
2022,680,10,3,260.29
2023,680,27,3,660.38
2024,681,93,3,446.2
2025,682,89,4,1408.92
2026,683,72,3,624.0
2027,683,74,1,148.11
2028,683,74,3,148.11
2029,684,54,4,259.17
2030,684,52,4,1104.16
2031,685,54,3,259.17
2032,685,79,4,1418.49
2033,685,97,4,531.36
2034,685,37,1,193.17
2035,686,55,2,579.41
2036,686,43,2,1324.9
2037,687,54,3,259.17
2038,687,71,1,223.41
2039,687,77,1,1331.35
2040,688,39,4,918.09
2041,688,9,4,1411.53
2042,689,54,2,259.17
2043,689,5,4,251.41
2044,689,95,4,1208.41
2045,690,57,1,400.14
2046,690,43,1,1324.9
2047,690,68,2,1188.53
2048,691,43,4,1324.9
2049,692,43,3,1324.9
2050,692,33,4,461.67
2051,692,24,4,1169.94
2052,693,99,4,1245.74
2053,693,68,2,1188.53
2054,693,40,2,1238.64
2055,693,31,4,1473.64
2056,693,40,3,1238.64
2057,694,11,2,775.95
2058,694,56,1,160.91
2059,694,42,2,311.73
2060,694,60,3,94.89
2061,695,91,1,1370.82
2062,695,47,4,1046.57
2063,695,97,3,531.36
2064,695,13,3,759.47
2065,696,58,1,233.2
2066,696,14,4,933.26
2067,696,46,4,1214.27
2068,696,16,3,845.16
2069,696,45,4,898.88
2070,697,17,1,1042.88
2071,698,1,4,1434.78
2072,698,73,1,182.84
2073,699,16,2,845.16
2074,699,9,1,1411.53
2075,699,83,3,266.54
2076,699,30,1,1132.24
2077,699,69,2,1319.6
2078,700,21,1,1037.23
2079,700,67,2,88.28
2080,700,42,1,311.73
2081,700,53,3,239.92
2082,701,85,2,1118.95
2083,701,91,2,1370.82
2084,701,22,2,363.16
2085,702,48,2,161.49
2086,702,92,3,1192.5
2087,702,41,4,882.3
2088,703,14,2,933.26
2089,703,90,1,1128.62
2090,703,47,2,1046.57
2091,704,91,2,1370.82
2092,704,36,1,1427.48
2093,705,49,3,699.44
2094,705,49,1,699.44
2095,706,31,4,1473.64
2096,706,7,3,637.24
2097,706,8,2,925.04
2098,706,42,2,311.73
2099,707,17,3,1042.88
2100,707,74,4,148.11
2101,707,41,3,882.3
2102,708,76,2,959.92
2103,708,5,2,251.41
2104,708,20,2,130.27
2105,708,94,3,486.72
2106,709,1,3,1434.78
2107,709,55,1,579.41
2108,709,37,3,193.17
2109,709,4,1,972.01
2110,709,66,2,1159.19
2111,710,97,2,531.36
2112,710,70,2,1406.93
2113,710,4,2,972.01
2114,710,49,2,699.44
2115,710,98,1,868.05
2116,711,8,2,925.04
2117,711,43,4,1324.9
2118,711,51,3,606.53
2119,711,4,3,972.01
2120,712,71,2,223.41
2121,712,71,1,223.41
2122,712,89,3,1408.92
2123,712,44,3,743.4
2124,713,71,2,223.41
2125,713,80,2,844.64
2126,713,89,4,1408.92
2127,714,58,3,233.2
2128,714,33,4,461.67
2129,714,97,1,531.36
2130,715,46,1,1214.27
2131,715,18,1,531.15
2132,715,15,4,521.18
2133,716,21,4,1037.23
2134,716,28,1,381.19
2135,716,36,3,1427.48
2136,717,36,1,1427.48
2137,718,81,4,997.68
2138,718,70,3,1406.93
2139,718,59,3,989.77
2140,719,4,3,972.01
2141,720,7,4,637.24
2142,720,52,2,1104.16
2143,721,81,2,997.68
2144,721,80,1,844.64
2145,721,46,2,1214.27
2146,721,27,1,660.38
2147,722,35,2,907.13
2148,722,31,3,1473.64
2149,722,16,3,845.16
2150,722,53,4,239.92
2151,722,10,4,260.29
2152,723,33,3,461.67
2153,723,47,4,1046.57
2154,723,10,2,260.29
2155,723,54,3,259.17
2156,723,71,1,223.41
2157,724,96,1,427.47
2158,725,2,2,837.35
2159,725,63,2,256.0
2160,725,85,1,1118.95
2161,725,12,4,1345.49
2162,726,35,3,907.13
2163,726,44,2,743.4
2164,727,77,4,1331.35
2165,727,96,3,427.47
2166,728,26,4,932.78
2167,728,81,3,997.68
2168,728,68,3,1188.53
2169,729,91,4,1370.82
2170,729,11,3,775.95
2171,729,32,1,1068.84
2172,730,62,4,569.78
2173,731,51,4,606.53
2174,731,16,3,845.16
2175,732,65,2,355.68
2176,732,22,2,363.16
2177,732,37,4,193.17
2178,733,14,3,933.26
2179,733,80,3,844.64
2180,733,20,3,130.27
2181,733,85,4,1118.95
2182,734,11,2,775.95
2183,734,20,2,130.27
2184,734,91,4,1370.82
2185,734,96,1,427.47
2186,734,36,2,1427.48
2187,735,72,4,624.0
2188,735,67,1,88.28
2189,735,59,3,989.77
2190,736,25,4,594.58
2191,736,90,2,1128.62
2192,736,99,3,1245.74
2193,737,84,3,1280.63
2194,737,2,2,837.35
2195,737,98,4,868.05
2196,737,28,4,381.19
2197,737,59,1,989.77
2198,738,88,2,1143.75
2199,738,20,3,130.27
2200,738,46,4,1214.27
2201,739,62,4,569.78
2202,740,48,1,161.49
2203,740,72,1,624.0
2204,740,15,1,521.18
2205,740,36,3,1427.48
2206,740,77,4,1331.35
2207,741,76,3,959.92
2208,741,31,3,1473.64
2209,742,20,2,130.27
2210,742,67,3,88.28
2211,742,100,2,576.13
2212,742,83,4,266.54
2213,743,91,3,1370.82
2214,743,11,3,775.95
2215,743,81,1,997.68
2216,743,76,1,959.92
2217,743,51,2,606.53
2218,744,2,3,837.35
2219,744,11,2,775.95
2220,744,76,1,959.92
2221,744,26,4,932.78
2222,745,80,2,844.64
2223,746,25,2,594.58
2224,747,89,2,1408.92
2225,747,17,4,1042.88
2226,748,15,4,521.18
2227,748,92,3,1192.5
2228,749,94,4,486.72
2229,749,87,4,1490.41
2230,749,30,4,1132.24
2231,749,1,4,1434.78
2232,750,26,1,932.78
2233,750,87,1,1490.41
2234,750,82,3,1410.85
2235,751,22,1,363.16
2236,751,10,4,260.29
2237,751,3,1,655.19
2238,751,63,2,256.0
2239,751,14,2,933.26
2240,752,91,2,1370.82
2241,752,93,1,446.2
2242,753,73,4,182.84
2243,753,75,3,18.15
2244,753,41,3,882.3
2245,753,66,4,1159.19
2246,754,33,3,461.67
2247,754,30,4,1132.24
2248,755,38,1,1167.69
2249,755,23,3,603.7
2250,756,35,2,907.13
2251,756,48,1,161.49
2252,756,96,3,427.47
2253,757,94,3,486.72
2254,757,17,3,1042.88
2255,757,56,3,160.91
2256,757,67,4,88.28
2257,758,23,3,603.7
2258,758,36,4,1427.48
2259,759,35,2,907.13
2260,760,93,2,446.2
2261,760,57,4,400.14
2262,760,33,1,461.67
2263,760,72,1,624.0
2264,761,31,1,1473.64
2265,761,52,4,1104.16
2266,761,36,4,1427.48
2267,761,26,2,932.78
2268,761,75,1,18.15
2269,762,42,4,311.73
2270,762,18,1,531.15
2271,762,89,1,1408.92
2272,762,44,3,743.4
2273,763,72,2,624.0
2274,763,85,4,1118.95
2275,763,81,2,997.68
2276,764,44,3,743.4
2277,764,66,4,1159.19
2278,764,95,2,1208.41
2279,764,80,3,844.64
2280,764,81,3,997.68
2281,765,13,4,759.47
2282,765,62,2,569.78
2283,765,52,1,1104.16
2284,765,26,3,932.78
2285,766,32,4,1068.84
2286,766,66,4,1159.19
2287,766,98,2,868.05
2288,766,71,3,223.41
2289,766,64,4,536.0
2290,767,64,2,536.0
2291,767,92,4,1192.5
2292,767,11,3,775.95
2293,768,31,1,1473.64
2294,768,23,1,603.7
2295,769,68,4,1188.53
2296,769,8,1,925.04
2297,769,97,3,531.36
2298,770,9,3,1411.53
2299,770,66,4,1159.19
2300,771,95,2,1208.41
2301,771,19,4,737.08
2302,771,48,1,161.49
2303,771,90,4,1128.62
2304,771,99,3,1245.74
2305,772,87,1,1490.41
2306,773,11,1,775.95
2307,774,84,1,1280.63
2308,774,18,3,531.15
2309,774,85,1,1118.95
2310,774,16,1,845.16
2311,775,36,2,1427.48
2312,775,77,3,1331.35
2313,775,62,2,569.78
2314,775,5,1,251.41
2315,775,84,4,1280.63
2316,776,16,3,845.16
2317,776,56,4,160.91
2318,776,94,4,486.72
2319,776,82,3,1410.85
2320,776,66,4,1159.19
2321,777,83,2,266.54
2322,777,18,4,531.15
2323,778,4,4,972.01
2324,779,14,3,933.26
2325,779,58,4,233.2
2326,779,12,4,1345.49
2327,779,38,4,1167.69
2328,780,54,3,259.17
2329,780,96,1,427.47
2330,780,65,3,355.68
2331,780,65,4,355.68
2332,781,20,4,130.27
2333,782,14,2,933.26
2334,782,42,1,311.73
2335,782,14,2,933.26
2336,782,31,2,1473.64
2337,783,97,4,531.36
2338,783,30,1,1132.24
2339,783,99,2,1245.74
2340,783,41,3,882.3
2341,783,54,4,259.17
2342,784,24,1,1169.94
2343,784,77,2,1331.35
2344,784,90,3,1128.62
2345,785,100,1,576.13
2346,785,73,1,182.84
2347,785,23,1,603.7
2348,785,6,1,369.55
2349,786,30,4,1132.24
2350,786,71,4,223.41
2351,786,6,2,369.55
2352,786,36,4,1427.48
2353,787,47,3,1046.57
2354,787,65,3,355.68
2355,787,8,1,925.04
2356,787,2,2,837.35
2357,788,54,1,259.17
2358,789,81,1,997.68
2359,789,90,4,1128.62
2360,790,41,3,882.3
2361,790,23,1,603.7
2362,790,91,4,1370.82
2363,790,74,3,148.11
2364,790,10,2,260.29
2365,791,33,3,461.67
2366,791,64,1,536.0
2367,791,82,1,1410.85
2368,791,58,4,233.2
2369,792,90,2,1128.62
2370,792,95,4,1208.41
2371,792,18,3,531.15
2372,792,37,2,193.17
2373,792,17,4,1042.88
2374,793,82,3,1410.85
2375,794,82,1,1410.85
2376,794,55,2,579.41
2377,794,59,3,989.77
2378,795,35,3,907.13
2379,795,20,4,130.27
2380,795,24,1,1169.94
2381,796,20,3,130.27
2382,796,92,3,1192.5
2383,796,94,3,486.72
2384,796,10,4,260.29
2385,797,73,2,182.84
2386,797,52,4,1104.16
2387,797,79,3,1418.49
2388,798,14,1,933.26
2389,799,95,2,1208.41
2390,799,42,1,311.73
2391,799,55,3,579.41
2392,799,95,4,1208.41
2393,799,51,1,606.53
2394,800,27,4,660.38
2395,800,70,1,1406.93
2396,800,61,4,1175.42
2397,800,90,4,1128.62
2398,801,15,1,521.18
2399,801,81,4,997.68
2400,801,44,3,743.4
2401,802,9,3,1411.53
2402,803,40,4,1238.64
2403,803,91,3,1370.82
2404,803,100,4,576.13
2405,803,12,2,1345.49
2406,804,33,2,461.67
2407,804,94,3,486.72
2408,804,17,2,1042.88
2409,804,63,1,256.0
2410,805,61,1,1175.42
2411,805,41,2,882.3
2412,805,43,4,1324.9
2413,805,31,4,1473.64
2414,805,5,4,251.41
2415,806,15,3,521.18
2416,806,89,2,1408.92
2417,806,50,1,230.38
2418,806,24,1,1169.94
2419,807,4,2,972.01
2420,808,97,3,531.36
2421,808,18,3,531.15
2422,808,37,4,193.17
2423,808,84,4,1280.63
2424,808,49,1,699.44
2425,809,27,4,660.38
2426,810,13,2,759.47
2427,811,68,2,1188.53
2428,811,81,4,997.68
2429,811,63,2,256.0
2430,812,33,4,461.67
2431,812,41,4,882.3
2432,812,58,3,233.2
2433,812,49,4,699.44
2434,813,49,1,699.44
2435,813,75,3,18.15
2436,813,90,1,1128.62
2437,814,27,3,660.38
2438,814,64,1,536.0
2439,814,46,2,1214.27
2440,814,1,4,1434.78
2441,814,56,1,160.91
2442,815,31,2,1473.64
2443,815,14,4,933.26
2444,815,88,1,1143.75
2445,815,51,4,606.53
2446,815,84,4,1280.63
2447,816,7,1,637.24
2448,816,63,4,256.0
2449,816,24,3,1169.94
2450,816,33,2,461.67
2451,816,43,3,1324.9
2452,817,22,2,363.16
2453,818,81,2,997.68
2454,818,12,4,1345.49
2455,819,15,3,521.18
2456,819,83,1,266.54
2457,819,92,4,1192.5
2458,820,12,1,1345.49
2459,820,55,4,579.41
2460,821,48,1,161.49
2461,821,75,2,18.15
2462,822,26,2,932.78
2463,822,27,4,660.38
2464,822,62,1,569.78
2465,822,64,2,536.0
2466,822,50,1,230.38
2467,823,75,3,18.15
2468,823,98,1,868.05
2469,823,23,4,603.7
2470,824,95,2,1208.41
2471,824,92,2,1192.5
2472,824,70,2,1406.93
2473,824,44,2,743.4
2474,824,45,2,898.88
2475,825,32,1,1068.84
2476,825,39,2,918.09
2477,826,57,3,400.14
2478,827,67,3,88.28
2479,827,47,1,1046.57
2480,827,58,3,233.2
2481,827,75,1,18.15
2482,827,25,3,594.58
2483,828,7,1,637.24
2484,829,65,1,355.68
2485,829,85,4,1118.95
2486,829,68,4,1188.53
2487,829,35,3,907.13
2488,829,8,1,925.04
2489,830,98,4,868.05
2490,830,42,2,311.73
2491,830,45,3,898.88
2492,830,69,1,1319.6
2493,830,79,1,1418.49
2494,831,38,3,1167.69
2495,831,33,3,461.67
2496,831,69,2,1319.6
2497,831,51,4,606.53
2498,832,39,4,918.09
2499,832,34,3,1186.43
2500,833,36,2,1427.48
2501,833,94,1,486.72
2502,833,79,1,1418.49
2503,833,19,4,737.08
2504,834,46,2,1214.27
2505,835,50,4,230.38
2506,836,89,1,1408.92
2507,836,16,2,845.16
2508,837,42,2,311.73
2509,837,66,3,1159.19
2510,838,19,1,737.08
2511,838,3,4,655.19
2512,838,14,2,933.26
2513,838,49,4,699.44
2514,839,74,4,148.11
2515,839,4,2,972.01
2516,840,64,2,536.0
2517,840,52,2,1104.16
2518,841,16,3,845.16
2519,841,63,1,256.0
2520,842,80,2,844.64
2521,842,52,2,1104.16
2522,842,68,1,1188.53
2523,842,17,1,1042.88
2524,843,99,4,1245.74
2525,843,40,1,1238.64
2526,843,53,2,239.92
2527,843,80,4,844.64
2528,844,21,2,1037.23
2529,845,21,3,1037.23
2530,845,49,4,699.44
2531,845,38,3,1167.69
2532,845,6,1,369.55
2533,846,60,2,94.89
2534,846,97,4,531.36
2535,847,57,3,400.14
2536,847,52,3,1104.16
2537,847,65,1,355.68
2538,847,47,4,1046.57
2539,848,96,3,427.47
2540,848,60,1,94.89
2541,848,70,4,1406.93
2542,849,23,2,603.7
2543,849,10,1,260.29
2544,849,70,2,1406.93
2545,850,55,1,579.41
2546,850,83,4,266.54
2547,850,91,3,1370.82
2548,850,45,4,898.88
2549,850,90,4,1128.62
2550,851,69,2,1319.6
2551,851,37,1,193.17
2552,851,21,2,1037.23
2553,852,9,3,1411.53
2554,852,78,4,1319.67
2555,853,96,4,427.47
2556,854,48,1,161.49
2557,854,29,2,795.63
2558,855,4,4,972.01
2559,855,50,1,230.38
2560,856,4,2,972.01
2561,857,83,2,266.54
2562,857,19,3,737.08
2563,857,76,4,959.92
2564,857,69,2,1319.6
2565,857,81,4,997.68
2566,858,7,3,637.24
2567,858,82,3,1410.85
2568,858,21,4,1037.23
2569,859,87,2,1490.41
2570,859,88,2,1143.75
2571,860,69,1,1319.6
2572,860,95,1,1208.41
2573,860,77,4,1331.35
2574,860,68,3,1188.53
2575,861,9,4,1411.53
2576,861,68,3,1188.53
2577,861,89,4,1408.92
2578,862,38,1,1167.69
2579,863,89,2,1408.92
2580,863,55,2,579.41
2581,863,10,1,260.29
2582,863,33,3,461.67
2583,864,34,1,1186.43
2584,864,14,2,933.26
2585,864,44,3,743.4
2586,864,48,3,161.49
2587,865,43,4,1324.9
2588,865,79,1,1418.49
2589,865,69,2,1319.6
2590,865,43,1,1324.9
2591,865,43,1,1324.9
2592,866,27,1,660.38
2593,866,90,3,1128.62
2594,866,65,4,355.68
2595,866,44,4,743.4
2596,867,25,1,594.58
2597,867,97,3,531.36
2598,867,53,1,239.92
2599,867,93,1,446.2
2600,868,85,1,1118.95
2601,868,30,2,1132.24
2602,868,66,3,1159.19
2603,868,4,4,972.01
2604,869,18,2,531.15
2605,869,12,1,1345.49
2606,869,75,1,18.15
2607,870,99,1,1245.74
2608,870,38,1,1167.69
2609,870,21,3,1037.23
2610,871,99,4,1245.74
2611,872,99,1,1245.74
2612,872,39,3,918.09
2613,872,2,2,837.35
2614,873,81,3,997.68
2615,873,1,3,1434.78
2616,874,53,2,239.92
2617,874,86,4,376.51
2618,874,14,3,933.26
2619,874,11,2,775.95
2620,875,59,1,989.77
2621,875,86,2,376.51
2622,876,48,3,161.49
2623,877,25,4,594.58
2624,878,13,3,759.47
2625,879,94,3,486.72
2626,879,48,2,161.49
2627,879,86,4,376.51
2628,880,17,3,1042.88
2629,880,5,1,251.41
2630,880,49,3,699.44
2631,880,61,1,1175.42
2632,880,6,1,369.55
2633,881,66,2,1159.19
2634,881,70,2,1406.93
2635,881,66,2,1159.19
2636,881,12,4,1345.49
2637,881,11,1,775.95
2638,882,33,2,461.67
2639,882,42,1,311.73
2640,883,13,2,759.47
2641,883,81,1,997.68
2642,883,42,2,311.73
2643,883,86,1,376.51
2644,884,60,4,94.89
2645,884,5,2,251.41
2646,884,73,1,182.84
2647,885,12,1,1345.49
2648,885,10,3,260.29
2649,885,47,2,1046.57
2650,886,29,2,795.63
2651,886,72,1,624.0
2652,886,50,4,230.38
2653,887,69,3,1319.6
2654,888,49,1,699.44
2655,888,83,1,266.54
2656,889,96,1,427.47
2657,890,5,2,251.41
2658,890,57,2,400.14
2659,890,63,4,256.0
2660,890,78,3,1319.67
2661,891,13,4,759.47
2662,891,52,3,1104.16
2663,891,60,1,94.89
2664,892,31,1,1473.64
2665,893,41,2,882.3
2666,893,78,4,1319.67
2667,893,21,1,1037.23
2668,894,10,1,260.29
2669,894,2,2,837.35
2670,895,15,4,521.18
2671,895,79,2,1418.49
2672,896,75,4,18.15
2673,896,83,2,266.54
2674,896,73,4,182.84
2675,896,49,4,699.44
2676,896,33,2,461.67
2677,897,32,2,1068.84
2678,897,83,4,266.54
2679,897,87,2,1490.41
2680,897,31,2,1473.64
2681,898,21,3,1037.23
2682,898,17,3,1042.88
2683,898,88,2,1143.75
2684,899,52,3,1104.16
2685,899,70,3,1406.93
2686,899,70,3,1406.93
2687,899,41,2,882.3
2688,899,60,4,94.89
2689,900,79,3,1418.49
2690,900,47,4,1046.57
2691,901,37,1,193.17
2692,902,83,1,266.54
2693,902,61,3,1175.42
2694,902,14,2,933.26
2695,903,75,4,18.15
2696,903,69,2,1319.6
2697,903,76,1,959.92
2698,903,48,4,161.49
2699,903,74,3,148.11
2700,904,38,1,1167.69
2701,904,93,2,446.2
2702,905,90,4,1128.62
2703,905,83,3,266.54
2704,906,19,2,737.08
2705,907,85,1,1118.95
2706,907,16,2,845.16
2707,908,25,3,594.58
2708,909,80,4,844.64
2709,909,93,4,446.2
2710,909,80,2,844.64
2711,909,17,2,1042.88
2712,909,72,4,624.0
2713,910,72,1,624.0
2714,911,5,2,251.41
2715,911,13,2,759.47
2716,911,62,1,569.78
2717,912,5,1,251.41
2718,912,80,3,844.64
2719,912,10,3,260.29
2720,912,74,2,148.11
2721,913,80,2,844.64
2722,913,20,3,130.27
2723,913,28,4,381.19
2724,913,3,1,655.19
2725,913,9,2,1411.53
2726,914,53,2,239.92
2727,914,2,1,837.35
2728,914,87,3,1490.41
2729,915,91,1,1370.82
2730,915,16,2,845.16
2731,915,11,3,775.95
2732,916,91,1,1370.82
2733,917,84,1,1280.63
2734,917,40,1,1238.64
2735,917,46,3,1214.27
2736,917,44,3,743.4
2737,917,13,2,759.47
2738,918,30,4,1132.24
2739,919,61,1,1175.42
2740,919,98,4,868.05
2741,920,63,4,256.0
2742,920,99,4,1245.74
2743,920,62,4,569.78
2744,920,22,3,363.16
2745,921,84,3,1280.63
2746,921,92,1,1192.5
2747,922,62,2,569.78
2748,923,51,2,606.53
2749,924,52,2,1104.16
2750,924,3,2,655.19
2751,924,77,2,1331.35
2752,925,1,2,1434.78
2753,925,36,4,1427.48
2754,925,31,4,1473.64
2755,925,24,4,1169.94
2756,925,25,2,594.58
2757,926,44,3,743.4
2758,926,22,1,363.16
2759,926,58,2,233.2
2760,926,100,1,576.13
2761,927,66,2,1159.19
2762,927,58,1,233.2
2763,927,97,2,531.36
2764,928,94,3,486.72
2765,928,59,1,989.77
2766,929,22,2,363.16
2767,929,86,1,376.51
2768,929,100,4,576.13
2769,929,81,1,997.68
2770,930,17,3,1042.88
2771,931,10,2,260.29
2772,932,64,1,536.0
2773,933,10,3,260.29
2774,934,88,1,1143.75
2775,935,37,1,193.17
2776,936,31,1,1473.64
2777,936,14,2,933.26
2778,936,14,3,933.26
2779,936,43,4,1324.9
2780,937,58,1,233.2
2781,937,73,1,182.84
2782,937,58,3,233.2
2783,937,98,3,868.05
2784,937,35,3,907.13
2785,938,89,2,1408.92
2786,938,76,4,959.92
2787,938,87,3,1490.41
2788,939,17,4,1042.88
2789,939,86,2,376.51
2790,940,4,2,972.01
2791,940,67,1,88.28
2792,940,70,1,1406.93
2793,940,11,2,775.95
2794,941,81,2,997.68
2795,941,54,2,259.17
2796,941,57,3,400.14
2797,941,16,4,845.16
2798,941,36,3,1427.48
2799,942,90,3,1128.62
2800,942,68,1,1188.53
2801,943,3,3,655.19
2802,943,84,2,1280.63
2803,943,75,3,18.15
2804,943,27,2,660.38
2805,943,46,3,1214.27
2806,944,14,1,933.26
2807,944,100,4,576.13
2808,944,3,3,655.19
2809,945,78,3,1319.67
2810,945,75,2,18.15
2811,946,84,2,1280.63
2812,946,82,1,1410.85
2813,946,44,1,743.4
2814,946,20,3,130.27
2815,946,47,2,1046.57
2816,947,58,4,233.2
2817,947,48,1,161.49
2818,947,52,4,1104.16
2819,948,35,4,907.13
2820,948,54,4,259.17
2821,949,82,2,1410.85
2822,949,48,3,161.49
2823,950,46,4,1214.27
2824,950,54,2,259.17
2825,950,84,2,1280.63
2826,950,92,2,1192.5
2827,951,44,2,743.4
2828,951,49,1,699.44
2829,951,77,3,1331.35
2830,951,64,3,536.0
2831,952,19,1,737.08
2832,952,16,2,845.16
2833,952,81,4,997.68
2834,952,37,3,193.17
2835,953,57,2,400.14
2836,953,97,3,531.36
2837,953,99,4,1245.74
2838,953,7,3,637.24
2839,953,100,4,576.13
2840,954,17,1,1042.88
2841,955,78,2,1319.67
2842,955,9,2,1411.53
2843,956,63,4,256.0
2844,956,51,4,606.53
2845,957,13,4,759.47
2846,957,95,2,1208.41
2847,958,28,2,381.19
2848,959,95,1,1208.41
2849,959,35,3,907.13
2850,959,50,4,230.38
2851,959,28,1,381.19
2852,960,36,4,1427.48
2853,960,73,1,182.84
2854,961,20,2,130.27
2855,961,32,1,1068.84
2856,961,51,2,606.53
2857,961,36,3,1427.48
2858,962,78,4,1319.67
2859,962,82,3,1410.85
2860,962,42,2,311.73
2861,963,10,1,260.29
2862,963,88,4,1143.75
2863,964,42,1,311.73
2864,965,8,4,925.04
2865,966,32,4,1068.84
2866,966,96,1,427.47
2867,966,45,4,898.88
2868,966,40,4,1238.64
2869,966,58,3,233.2
2870,967,75,3,18.15
2871,967,74,4,148.11
2872,967,75,4,18.15
2873,968,28,3,381.19
2874,968,12,3,1345.49
2875,969,88,1,1143.75
2876,970,44,1,743.4
2877,970,91,2,1370.82
2878,970,87,2,1490.41
2879,970,7,2,637.24
2880,971,57,1,400.14
2881,971,46,4,1214.27
2882,972,62,2,569.78
2883,972,30,1,1132.24
2884,972,8,2,925.04
2885,972,64,1,536.0
2886,972,43,4,1324.9
2887,973,11,3,775.95
2888,973,29,2,795.63
2889,973,89,4,1408.92
2890,973,48,1,161.49
2891,973,15,1,521.18
2892,974,98,3,868.05
2893,974,20,2,130.27
2894,974,73,1,182.84
2895,974,67,2,88.28
2896,974,97,2,531.36
2897,975,64,2,536.0
2898,975,24,2,1169.94
2899,975,33,3,461.67
2900,975,52,1,1104.16
2901,976,48,1,161.49
2902,976,62,3,569.78
2903,976,16,4,845.16
2904,977,20,2,130.27
2905,977,58,1,233.2
2906,977,92,4,1192.5
2907,978,38,2,1167.69
2908,978,22,4,363.16
2909,978,92,4,1192.5
2910,978,15,3,521.18
2911,978,20,2,130.27
2912,979,62,1,569.78
2913,979,56,3,160.91
2914,979,100,2,576.13
2915,980,39,1,918.09
2916,980,27,2,660.38
2917,980,64,4,536.0
2918,980,16,4,845.16
2919,980,55,4,579.41
2920,981,37,4,193.17
2921,981,56,4,160.91
2922,981,95,2,1208.41
2923,982,50,4,230.38
2924,983,65,1,355.68
2925,984,17,4,1042.88
2926,984,9,2,1411.53
2927,984,63,1,256.0
2928,984,66,4,1159.19
2929,984,82,2,1410.85
2930,985,62,3,569.78
2931,985,83,4,266.54
2932,985,78,4,1319.67
2933,985,17,4,1042.88
2934,986,29,2,795.63
2935,986,3,1,655.19
2936,986,16,1,845.16
2937,986,1,2,1434.78
2938,987,37,1,193.17
2939,987,24,1,1169.94
2940,988,99,4,1245.74
2941,989,71,1,223.41
2942,989,70,3,1406.93
2943,989,52,3,1104.16
2944,990,16,4,845.16
2945,990,48,1,161.49
2946,990,24,1,1169.94
2947,990,84,1,1280.63
2948,990,77,3,1331.35
2949,991,78,2,1319.67
2950,991,33,1,461.67
2951,991,70,2,1406.93
2952,991,35,4,907.13
2953,991,35,1,907.13
2954,992,45,2,898.88
2955,992,18,2,531.15
2956,992,61,1,1175.42
2957,992,22,4,363.16
2958,992,89,3,1408.92
2959,993,93,3,446.2
2960,994,90,4,1128.62
2961,994,11,3,775.95
2962,994,6,4,369.55
2963,995,21,1,1037.23
2964,995,93,4,446.2
2965,995,13,2,759.47
2966,995,23,2,603.7
2967,996,41,1,882.3
2968,996,33,1,461.67
2969,996,23,2,603.7
2970,997,23,4,603.7
2971,997,47,1,1046.57
2972,998,3,3,655.19
2973,998,9,3,1411.53
2974,999,87,3,1490.41
2975,999,92,1,1192.5
2976,999,73,4,182.84
2977,999,81,1,997.68
2978,999,51,3,606.53
2979,1000,91,4,1370.82
2980,1000,100,2,576.13
