payment_id,order_id,payment_method,payment_status,amount,paid_at
1,1,paypal,failed,4204.85,
2,2,cash,failed,3438.97,2026-08-03 20:13:14.412483
3,3,bank_transfer,success,11105.67,
4,4,cash,success,9101.7,2026-05-02 04:32:51.731278
5,5,card,success,1458.23,2026-05-07 05:48:50.226512
6,6,paypal,refunded,15598.64,2026-05-31 02:43:17.605297
7,7,bank_transfer,refunded,6412.14,
8,8,bank_transfer,failed,9754.68,2026-07-04 13:26:14.926078
9,9,paypal,refunded,4188.32,2026-06-30 08:51:28.599866
10,10,cash,failed,3060.9,2026-05-01 10:32:28.659891
11,11,bank_transfer,success,1426.8,2026-08-03 15:38:11.032474
12,12,card,failed,2747.88,
13,13,bank_transfer,failed,4144.17,
14,14,paypal,failed,9456.57,2026-05-18 23:21:36.942503
15,15,card,failed,2659.2,2026-07-21 13:52:31.193379
16,16,cash,failed,2974.0,2026-07-08 08:49:19.680297
17,17,card,success,4781.64,2026-07-27 12:48:24.763669
18,18,paypal,success,14385.7,2025-12-22 20:30:24.491574
19,19,card,failed,4282.32,2026-05-10 09:25:14.833537
20,20,cash,failed,5799.24,2026-07-02 08:39:19.282198
21,21,card,refunded,146.94,2025-10-18 18:21:58.975891
22,22,bank_transfer,success,363.64,2026-07-20 00:54:24.569956
23,23,bank_transfer,failed,7309.31,2026-04-29 21:10:17.655215
24,24,cash,success,6177.2,2026-05-09 19:50:16.488448
25,25,paypal,failed,2853.6,2025-09-11 02:23:46.857543
26,26,bank_transfer,refunded,10058.96,2026-03-01 21:05:51.861639
27,27,cash,failed,1570.4,2026-02-03 19:26:08.162511
28,28,bank_transfer,refunded,8431.95,2026-07-31 08:14:17.784370
29,29,cash,failed,220.46,
30,30,paypal,success,5468.02,2026-07-15 21:17:43.071776
31,31,paypal,failed,3078.61,
32,32,bank_transfer,refunded,3970.86,2026-07-07 06:24:30.149553
33,33,card,success,555.08,2025-12-19 07:29:30.934630
34,34,bank_transfer,failed,2335.04,2026-08-05 00:19:48.803013
35,35,cash,refunded,3675.07,2026-07-07 20:29:22.195562
36,36,card,refunded,4767.02,2026-05-07 05:41:55.962693
37,37,card,failed,526.2,2025-11-01 04:41:27.179466
38,38,bank_transfer,failed,6343.89,2026-07-20 23:18:27.070404
39,39,cash,refunded,837.24,2026-05-20 21:10:54.368382
40,40,cash,refunded,6713.35,
41,41,paypal,failed,4806.3,2026-07-13 04:12:15.594472
42,42,paypal,refunded,220.46,2026-06-12 03:52:57.582662
43,43,bank_transfer,failed,9352.35,2025-12-28 13:59:31.134039
44,44,card,success,181.9,2026-05-13 16:44:11.165927
45,45,cash,refunded,911.48,2026-05-14 11:33:46.763030
46,46,bank_transfer,failed,402.72,2026-07-08 10:06:42.605880
47,47,bank_transfer,failed,5512.7,2026-07-27 01:49:34.312875
48,48,paypal,failed,2574.63,2026-06-30 22:54:37.863626
49,49,cash,refunded,8530.57,2026-07-12 01:04:48.546520
50,50,cash,failed,8216.4,2026-05-12 00:29:37.581875
51,51,cash,failed,5250.57,
52,52,cash,failed,5915.88,2026-07-28 01:34:22.580279
53,53,bank_transfer,failed,6411.75,2025-11-17 15:39:04.932857
54,54,bank_transfer,success,4742.24,2026-07-25 22:06:48.717726
55,55,cash,refunded,3118.78,
56,56,paypal,failed,10677.86,2026-07-14 07:38:17.482512
57,57,cash,success,5475.46,2026-08-04 19:11:08.983485
58,58,paypal,refunded,11972.53,2026-07-23 14:04:50.264284
59,59,paypal,failed,245.74,2026-08-04 01:38:04.141450
60,60,paypal,refunded,5135.22,2026-04-11 17:43:44.413711
61,61,card,refunded,12307.96,2026-06-21 07:11:38.058530
62,62,cash,refunded,9003.28,2026-01-16 21:10:56.915040
63,63,card,failed,10456.87,
64,64,card,refunded,4140.89,2026-04-15 19:01:05.384365
65,65,cash,success,4181.7,2026-07-09 21:37:25.292192
66,66,paypal,success,4067.31,2026-06-05 10:42:37.056808
67,67,paypal,refunded,12807.44,2026-04-07 03:56:25.228947
68,68,card,failed,7993.86,2026-06-18 22:25:59.626494
69,69,paypal,refunded,586.8,
70,70,cash,refunded,192.03,2026-08-04 19:56:37.671331
71,71,cash,refunded,1772.8,2026-06-18 20:18:22.021189
72,72,card,success,2970.97,2026-06-18 15:32:48.892179
73,73,bank_transfer,refunded,9518.38,
74,74,bank_transfer,refunded,1839.34,2026-07-08 19:41:20.704389
75,75,paypal,failed,583.25,2026-07-22 07:05:13.948665
76,76,card,refunded,11663.94,2026-05-16 02:13:58.073416
77,77,bank_transfer,failed,926.96,2026-04-03 00:08:06.172103
78,78,cash,success,192.03,2026-07-13 05:55:55.665003
79,79,card,success,3937.52,2026-04-16 06:39:46.594378
80,80,paypal,success,2661.38,2026-06-23 19:59:30.416024
81,81,card,refunded,195.92,2026-06-22 03:12:09.536697
82,82,bank_transfer,refunded,4381.12,2026-07-25 03:43:42.029390
83,83,paypal,success,2564.88,2026-04-06 17:53:08.959120
84,84,bank_transfer,success,7412.97,2026-04-23 22:27:43.901225
85,85,bank_transfer,success,1847.13,
86,86,cash,failed,4410.56,2026-07-14 13:08:18.078191
87,87,bank_transfer,failed,3240.77,2026-07-14 13:55:06.973234
88,88,paypal,success,15526.16,2026-05-17 07:44:44.440308
89,89,bank_transfer,failed,14727.71,2026-06-26 21:34:58.584371
90,90,bank_transfer,success,9008.48,2026-07-26 04:04:57.075263
91,91,cash,success,15304.86,2026-06-14 10:37:31.216823
92,92,bank_transfer,success,6468.99,2026-03-11 16:23:04.072474
93,93,card,failed,2548.48,2026-04-30 08:34:09.365160
94,94,paypal,success,6145.97,2026-07-14 02:33:14.647975
95,95,bank_transfer,failed,4012.37,2025-10-14 10:58:55.306434
96,96,bank_transfer,success,2601.16,2026-02-06 18:41:46.421756
97,97,card,success,4860.56,2026-04-21 00:40:12.320153
98,98,bank_transfer,refunded,10532.92,
99,99,card,refunded,7653.36,2025-12-07 07:42:20.480164
100,100,card,refunded,5215.93,
101,101,cash,success,6656.68,2026-07-05 15:02:01.843766
102,102,bank_transfer,refunded,7016.36,2026-03-12 06:40:01.826171
103,103,card,refunded,11523.18,2026-04-17 14:38:31.781716
104,104,card,refunded,8254.42,
105,105,card,success,6150.55,2026-06-25 08:52:26.283048
106,106,paypal,failed,11096.54,
107,107,paypal,failed,5132.72,2026-05-03 06:50:03.647512
108,108,cash,failed,7198.43,2026-07-22 20:58:37.774626
109,109,paypal,refunded,433.53,2025-11-22 06:33:30.215878
110,110,cash,failed,7901.08,2026-06-03 06:02:19.836727
111,111,paypal,success,8410.38,2026-04-13 22:36:28.614474
112,112,paypal,failed,1526.02,2026-06-24 03:36:03.467697
113,113,bank_transfer,refunded,3248.56,2026-05-07 23:49:25.791154
114,114,paypal,success,4469.4,2026-06-25 11:41:14.700048
115,115,paypal,success,2013.89,2026-03-26 02:41:41.732045
116,116,card,success,6853.44,2026-07-18 08:50:38.637462
117,117,bank_transfer,refunded,10468.17,2026-05-21 22:36:29.695668
118,118,bank_transfer,failed,11708.62,2026-07-25 16:23:31.858161
119,119,paypal,success,1911.4,2026-05-01 22:52:34.391160
120,120,paypal,success,3167.07,
121,121,cash,refunded,2662.68,2026-02-27 08:52:44.277004
122,122,card,failed,7727.09,2026-05-29 23:37:33.779341
123,123,bank_transfer,failed,153.82,2026-08-05 14:18:10.924078
124,124,card,success,1674.79,
125,125,cash,success,3515.91,
126,126,card,failed,6007.7,2026-07-31 18:28:51.087304
127,127,cash,failed,1822.96,2026-05-27 20:14:56.452635
128,128,cash,success,15634.11,2026-07-25 12:41:10.557353
129,129,paypal,success,7773.65,2026-08-01 09:27:20.252625
130,130,card,success,4016.5,2026-06-28 16:38:11.882252
131,131,cash,success,12315.14,2026-06-28 02:39:33.720296
132,132,cash,refunded,1421.61,2026-07-07 07:26:42.242342
133,133,card,refunded,3208.08,2025-09-27 10:10:16.719760
134,134,cash,success,9836.81,2026-04-21 18:32:28.020905
135,135,paypal,refunded,822.02,2025-08-23 04:30:57.684281
136,136,paypal,success,6726.82,2026-07-14 05:42:57.014426
137,137,card,success,11316.61,
138,138,paypal,success,3746.05,
139,139,card,refunded,9850.04,2026-07-24 12:10:00.726271
140,140,paypal,success,8691.48,
141,141,bank_transfer,success,11050.75,
142,142,cash,failed,6801.7,2026-04-02 02:12:30.700248
143,143,bank_transfer,success,6832.26,2026-04-23 10:43:44.290366
144,144,cash,success,9979.86,2026-07-22 00:18:11.130566
145,145,bank_transfer,success,10457.46,2026-07-07 01:23:31.268324
146,146,cash,failed,9163.28,2026-06-25 20:12:45.227021
147,147,bank_transfer,refunded,3842.23,2026-06-10 14:21:22.900231
148,148,card,failed,2959.61,
149,149,bank_transfer,success,7993.03,2025-11-14 11:18:06.937014
150,150,paypal,refunded,1100.52,2026-07-26 13:10:40.211992
151,151,card,success,5667.2,2026-07-15 10:03:29.452677
152,152,cash,success,5473.4,2026-06-20 07:10:03.833655
153,153,bank_transfer,success,5574.67,2026-06-14 05:30:55.142207
154,154,card,failed,1065.27,2026-05-30 23:51:00.951507
155,155,cash,success,5501.32,2026-06-18 13:55:02.986454
156,156,cash,success,1885.48,
157,157,bank_transfer,success,8833.02,2026-07-07 06:31:31.011736
158,158,bank_transfer,success,1120.02,2026-08-06 01:44:15.171454
159,159,paypal,failed,1295.92,
160,160,cash,refunded,10888.91,2026-07-20 04:34:11.749128
161,161,paypal,refunded,8884.53,2026-07-26 03:41:24.265589
162,162,bank_transfer,success,2940.86,
163,163,cash,refunded,1224.78,2026-07-24 23:49:32.317195
164,164,paypal,success,2215.71,2026-02-22 21:47:02.819037
165,165,cash,failed,5659.45,2026-08-02 16:09:30.480052
166,166,card,success,4977.09,2026-02-14 06:11:37.801147
167,167,card,refunded,9105.77,2026-07-29 20:28:36.465169
168,168,card,success,11623.13,
169,169,paypal,failed,3260.58,2026-07-23 08:13:49.033575
170,170,cash,refunded,6621.62,2026-02-11 03:39:16.911436
171,171,paypal,refunded,11069.01,
172,172,cash,success,6198.68,
173,173,cash,refunded,7061.57,2026-05-09 11:55:10.193320
174,174,paypal,failed,392.6,2026-06-29 18:49:31.371957
175,175,bank_transfer,failed,6055.0,
176,176,paypal,refunded,6005.92,2026-03-21 07:16:55.943283
177,177,paypal,failed,2653.16,
178,178,bank_transfer,failed,1089.35,2025-12-24 20:42:36.017860
179,179,cash,success,4106.38,2026-04-28 16:16:56.686247
180,180,card,refunded,5010.15,2026-02-18 06:25:13.010147
181,181,bank_transfer,success,7287.56,2026-06-09 23:55:49.228990
182,182,card,refunded,4311.84,2026-03-11 14:33:43.304094
183,183,bank_transfer,success,1463.56,2025-11-12 07:47:37.229157
184,184,bank_transfer,refunded,3152.15,2026-02-10 21:47:17.177250
185,185,paypal,success,882.53,2026-01-27 03:25:35.342606
186,186,cash,refunded,1979.31,2026-08-05 15:13:48.374058
187,187,paypal,failed,6482.84,2026-07-25 15:54:06.121666
188,188,paypal,success,4293.48,
189,189,card,success,7465.37,2026-08-02 10:13:30.532743
190,190,cash,success,8609.1,2026-01-30 18:28:31.033453
191,191,card,refunded,5604.92,2026-06-29 19:57:43.634911
192,192,bank_transfer,refunded,1940.58,2026-06-05 15:44:39.264852
193,193,cash,refunded,880.96,2026-02-09 06:06:07.720421
194,194,bank_transfer,success,11408.56,2026-03-18 19:29:49.870322
195,195,paypal,success,6811.27,2026-07-20 19:49:11.206779
196,196,bank_transfer,failed,8881.26,
197,197,bank_transfer,refunded,4971.66,2026-04-17 17:22:06.605755
198,198,cash,success,5222.59,2026-07-31 21:58:22.815296
199,199,bank_transfer,refunded,5771.51,2026-06-12 05:24:46.805321
200,200,paypal,failed,8857.26,2026-07-09 23:29:53.183583
201,201,cash,refunded,13594.28,2026-07-05 07:12:42.387332
202,202,cash,success,1929.76,2026-05-05 17:51:04.241172
203,203,cash,success,6474.47,2026-07-15 20:26:11.672143
204,204,paypal,failed,1006.66,2026-05-22 11:36:35.620436
205,205,card,failed,1335.6,2026-02-06 12:53:43.411042
206,206,cash,success,5629.0,2026-02-26 05:49:09.194928
207,207,cash,refunded,13185.41,2026-07-27 04:30:36.799397
208,208,paypal,success,7315.47,2026-04-12 18:29:48.239586
209,209,paypal,success,7392.81,2025-11-19 11:23:13.777020
210,210,paypal,success,4908.87,2026-05-12 03:43:04.445885
211,211,cash,failed,8371.12,
212,212,paypal,failed,8045.91,2026-05-31 06:12:10.443552
213,213,bank_transfer,failed,865.4,2026-06-30 01:50:58.381582
214,214,cash,failed,2563.5,2026-03-18 00:19:56.885107
215,215,bank_transfer,failed,955.7,2026-08-02 21:34:33.701051
216,216,paypal,failed,1703.44,2026-06-27 11:54:30.749613
217,217,paypal,success,2984.5,2026-06-21 12:35:24.020703
218,218,card,failed,1778.48,2026-01-24 01:47:24.790252
219,219,card,refunded,8222.37,2026-07-26 09:47:38.537050
220,220,paypal,failed,1587.96,
221,221,card,failed,1471.8,2026-02-04 05:47:04.328009
222,222,bank_transfer,refunded,3884.62,2026-05-18 09:01:55.752361
223,223,paypal,failed,10000.28,
224,224,bank_transfer,refunded,6208.95,
225,225,bank_transfer,success,12513.8,
226,226,cash,failed,4899.12,2026-07-04 18:36:30.625403
227,227,paypal,refunded,9631.84,2025-11-28 16:37:43.341576
228,228,card,failed,11712.81,
229,229,paypal,refunded,994.15,2026-05-02 21:09:10.901107
230,230,cash,success,9135.69,2026-04-26 17:25:51.548304
231,231,cash,success,13786.22,2026-04-15 09:50:56.748826
232,232,cash,refunded,1126.37,2026-04-29 22:22:51.765360
233,233,cash,success,7678.33,2026-06-13 07:08:32.067846
234,234,cash,success,1138.62,2026-05-09 04:54:25.014488
235,235,bank_transfer,refunded,13516.14,2026-07-29 05:55:09.360952
236,236,paypal,refunded,9874.54,2026-06-14 21:19:19.205963
237,237,cash,refunded,8889.79,2026-05-31 23:00:50.889429
238,238,card,success,1284.15,2026-06-15 17:42:42.043508
239,239,card,failed,5707.0,2026-05-18 21:33:17.478476
240,240,paypal,refunded,10726.82,2026-07-14 10:21:17.061113
241,241,cash,failed,9741.55,2026-05-13 23:54:43.923189
242,242,paypal,refunded,8105.81,
243,243,paypal,refunded,1665.24,2026-04-17 18:02:13.286789
244,244,cash,failed,1166.5,2026-07-03 11:59:25.052127
245,245,cash,refunded,4534.41,
246,246,cash,refunded,7370.23,2026-07-23 09:09:04.367668
247,247,paypal,refunded,5777.54,2026-01-31 10:27:37.367108
248,248,card,failed,6000.12,2025-11-07 22:09:01.317322
249,249,paypal,refunded,2263.28,2026-06-16 02:50:21.060998
250,250,card,refunded,4028.88,
251,251,paypal,refunded,2488.98,2026-06-26 18:15:27.112248
252,252,bank_transfer,success,805.44,
253,253,cash,refunded,4853.96,2026-05-28 05:21:16.997077
254,254,cash,success,11191.96,2026-07-28 09:56:04.993293
255,255,bank_transfer,refunded,544.7,2026-07-22 01:39:57.738037
256,256,card,refunded,6250.28,2026-07-10 12:42:47.750454
257,257,cash,failed,6449.04,2026-07-07 17:49:51.505423
258,258,bank_transfer,refunded,6608.46,2026-08-01 18:34:16.723572
259,259,cash,failed,7113.37,2026-08-01 07:07:44.185471
260,260,card,refunded,5692.05,
261,261,bank_transfer,refunded,7090.78,2026-08-05 23:03:02.096358
262,262,bank_transfer,failed,1955.51,2026-07-24 09:49:38.019004
263,263,bank_transfer,failed,9250.63,
264,264,paypal,success,7132.95,2025-12-28 23:03:51.822075
265,265,paypal,failed,6171.51,2026-07-21 10:24:55.215711
266,266,bank_transfer,failed,6217.06,2026-02-18 20:32:01.479001
267,267,bank_transfer,failed,4369.02,2026-07-29 22:23:35.869005
268,268,card,failed,7792.72,2026-07-20 09:58:17.720769
269,269,cash,success,8287.41,2026-04-26 23:57:07.884541
270,270,paypal,refunded,3013.46,2025-12-10 00:34:12.944925
271,271,paypal,failed,4848.87,2026-07-11 21:14:33.907654
272,272,cash,failed,9588.7,2025-12-19 01:21:15.782237
273,273,card,refunded,1772.8,2026-02-07 19:05:12.004559
274,274,bank_transfer,refunded,1093.62,2026-04-17 23:00:19.235989
275,275,paypal,success,2386.4,2026-06-20 18:06:19.193365
276,276,cash,success,9087.7,2026-02-13 16:31:43.694103
277,277,bank_transfer,refunded,4107.89,
278,278,card,refunded,3781.29,2026-07-04 00:40:14.532625
279,279,bank_transfer,refunded,5783.25,2026-04-12 21:37:28.602641
280,280,paypal,refunded,915.9,2026-07-18 06:46:19.460717
281,281,paypal,failed,3358.11,2026-05-03 18:16:51.173681
282,282,paypal,success,12943.96,2026-04-21 19:25:09.600025
283,283,cash,failed,790.67,
284,284,cash,success,5584.07,
285,285,paypal,refunded,15935.56,2026-04-12 03:03:04.763267
286,286,cash,success,3169.56,2026-08-05 03:19:45.865703
287,287,cash,refunded,818.73,
288,288,cash,failed,5912.44,
289,289,card,refunded,2058.17,2026-04-08 06:52:11.207089
290,290,paypal,refunded,1462.02,
291,291,bank_transfer,failed,1379.93,2026-08-06 07:20:17.066705
292,292,bank_transfer,failed,6615.03,2026-05-21 04:14:42.913608
293,293,paypal,refunded,3892.59,2026-06-09 08:55:17.996499
294,294,paypal,failed,1166.5,2026-08-03 23:36:47.141610
295,295,paypal,refunded,1195.7,2026-05-19 17:14:55.331111
296,296,paypal,refunded,4781.9,2026-04-05 11:45:06.510657
297,297,cash,refunded,6379.86,2026-08-04 15:49:45.331323
298,298,paypal,success,4576.93,2026-06-26 01:45:39.771377
299,299,card,failed,550.88,2026-05-24 19:19:03.674034
300,300,card,refunded,1798.34,2026-06-04 14:44:48.312786
301,301,card,failed,1765.06,2026-08-03 16:57:29.603504
302,302,cash,refunded,1335.6,
303,303,paypal,success,2593.29,
304,304,paypal,failed,4864.81,2025-11-02 00:20:10.512149
305,305,paypal,success,2287.28,2026-06-13 13:00:16.700318
306,306,cash,success,209.31,2026-03-27 11:38:34.386932
307,307,bank_transfer,failed,6354.45,
308,308,paypal,success,1058.64,2026-03-31 02:52:16.331429
309,309,card,failed,1751.42,2026-04-24 02:43:24.318882
310,310,card,refunded,12908.76,2026-06-10 05:16:42.152924
311,311,bank_transfer,refunded,16865.71,
312,312,bank_transfer,refunded,10544.85,2025-12-23 11:59:59.257951
313,313,cash,refunded,4693.14,2026-07-01 14:46:22.987345
314,314,paypal,success,15370.15,
315,315,card,success,777.55,2026-05-18 20:26:12.926943
316,316,paypal,success,1756.17,2026-08-01 09:51:03.034540
317,317,cash,failed,5600.78,2026-03-23 20:51:26.443014
318,318,cash,failed,3513.99,
319,319,bank_transfer,success,731.78,2026-04-14 20:00:14.162342
320,320,card,failed,5850.06,
321,321,card,failed,3893.86,2026-05-03 10:02:37.651946
322,322,bank_transfer,refunded,3158.65,
323,323,bank_transfer,failed,6448.83,2026-07-29 02:26:11.256335
324,324,paypal,success,12559.88,2025-12-13 18:08:14.308891
325,325,bank_transfer,failed,10196.96,2025-11-28 19:05:21.062253
326,326,paypal,success,2798.23,2026-01-17 18:23:30.023050
327,327,cash,refunded,4394.85,
328,328,cash,refunded,3949.32,2026-07-22 13:36:43.781002
329,329,paypal,failed,10462.44,2026-03-19 02:53:18.788880
330,330,card,refunded,2130.54,2026-08-01 13:05:34.410677
331,331,cash,refunded,7132.9,
332,332,bank_transfer,success,3078.0,2026-01-25 12:58:09.958105
333,333,card,success,7244.96,2026-08-03 22:18:32.447517
334,334,paypal,refunded,10585.56,2026-06-25 20:26:17.910422
335,335,cash,failed,17133.26,2026-06-13 05:21:18.975813
336,336,bank_transfer,refunded,5799.24,
337,337,bank_transfer,refunded,9921.52,2026-05-06 06:14:36.448526
338,338,bank_transfer,refunded,13086.88,
339,339,paypal,success,1148.96,2026-04-04 07:29:07.470246
340,340,bank_transfer,failed,5326.71,2026-07-29 13:23:39.814014
341,341,card,failed,6886.55,2026-06-18 04:13:16.030806
342,342,bank_transfer,success,3057.64,2026-06-05 13:44:52.874479
343,343,card,success,307.64,2025-10-26 01:19:20.193228
344,344,bank_transfer,refunded,5489.8,2026-04-29 09:28:37.729983
345,345,bank_transfer,refunded,3696.66,2026-02-03 00:17:04.033712
346,346,cash,refunded,4758.53,2025-12-12 12:47:11.261203
347,347,bank_transfer,success,8518.2,
348,348,cash,refunded,2963.19,
349,349,cash,refunded,4942.44,2026-06-11 14:47:08.075639
350,350,cash,success,5641.62,2026-06-23 17:06:01.747463
351,351,cash,refunded,5624.1,
352,352,cash,failed,6682.21,2026-05-14 17:13:05.308939
353,353,cash,refunded,493.34,2026-03-04 12:21:05.665067
354,354,card,failed,195.92,2026-02-05 19:52:07.348334
355,355,card,failed,3810.07,2026-07-10 22:01:03.773885
356,356,paypal,failed,13473.7,
357,357,paypal,success,3701.15,2026-07-13 19:51:49.684609
358,358,paypal,failed,445.2,2026-03-23 05:38:49.497560
359,359,card,failed,5971.96,2026-07-06 06:44:37.422785
360,360,card,success,749.78,2026-01-14 01:23:36.640579
361,361,paypal,success,2151.66,2026-04-27 07:19:25.521952
362,362,cash,success,848.96,2026-08-05 16:47:48.497257
363,363,paypal,refunded,1781.23,2026-08-01 20:43:35.554620
364,364,bank_transfer,failed,267.3,2026-07-24 00:10:28.827498
365,365,paypal,refunded,10601.12,2026-07-27 16:43:26.778622
366,366,cash,success,230.04,2026-05-01 04:58:26.868699
367,367,cash,refunded,3321.49,2026-02-23 12:35:33.638647
368,368,card,failed,6705.75,2026-06-06 14:10:45.205229
369,369,bank_transfer,refunded,13251.85,2026-06-16 05:25:21.373514
370,370,paypal,failed,5557.28,2025-10-26 12:34:11.508174
371,371,bank_transfer,success,7498.39,2026-07-22 12:02:50.110804
372,372,bank_transfer,refunded,3880.24,2026-07-21 00:15:06.630078
373,373,card,refunded,5853.52,2026-06-22 12:30:35.971978
374,374,card,success,4362.81,2026-01-18 06:09:11.143765
375,375,paypal,success,5133.41,2025-12-02 06:46:49.845475
376,376,paypal,success,3803.28,2026-05-03 11:29:29.838324
377,377,card,failed,4407.2,2026-06-15 06:21:20.142563
378,378,card,success,7844.52,2026-03-18 14:33:43.023335
379,379,paypal,success,6120.75,2026-06-15 09:34:09.257995
380,380,cash,success,1171.33,2026-07-05 07:44:26.315278
381,381,cash,refunded,354.05,2025-11-18 18:51:36.232831
382,382,paypal,success,2176.3,
383,383,bank_transfer,failed,6420.29,2026-08-03 20:58:23.354563
384,384,bank_transfer,failed,2507.27,2026-07-31 13:23:30.102015
385,385,card,success,9741.64,2026-02-01 14:22:21.091783
386,386,card,failed,815.79,
387,387,cash,refunded,10324.01,2026-06-09 18:04:05.323634
388,388,paypal,failed,5147.6,
389,389,bank_transfer,success,1336.78,2026-04-20 06:43:06.756015
390,390,card,refunded,17851.62,2026-06-21 05:09:50.678154
391,391,paypal,refunded,5686.44,2025-12-10 10:06:20.003653
392,392,bank_transfer,success,4365.99,2026-08-04 10:45:23.826753
393,393,cash,success,526.2,
394,394,bank_transfer,refunded,4250.62,2026-07-02 17:58:47.225670
395,395,cash,success,9222.65,
396,396,cash,success,8127.9,2026-06-04 11:56:54.382468
397,397,cash,success,10089.84,2026-05-15 10:43:14.479633
398,398,paypal,success,4373.96,2026-08-01 11:05:15.103770
399,399,paypal,failed,230.73,2026-07-31 20:07:41.443228
400,400,card,success,4194.21,2026-03-09 13:12:14.941560
401,401,bank_transfer,refunded,6892.4,2026-03-22 04:29:31.378012
402,402,bank_transfer,failed,12879.99,
403,403,cash,refunded,4164.08,2026-07-24 16:16:58.360923
404,404,bank_transfer,success,531.43,2026-01-16 09:21:11.217206
405,405,card,success,4564.08,2026-06-10 19:33:04.218167
406,406,bank_transfer,success,4457.16,2026-03-08 00:26:18.311725
407,407,cash,success,9881.0,2026-07-10 03:41:49.607408
408,408,card,refunded,1717.24,2026-07-02 14:31:59.127313
409,409,card,failed,9927.42,2026-03-15 15:29:23.822460
410,410,bank_transfer,success,8554.57,
411,411,bank_transfer,refunded,960.5,2026-04-12 06:25:23.501490
412,412,paypal,failed,12429.92,2026-04-10 20:54:55.328700
413,413,bank_transfer,success,3673.33,
414,414,bank_transfer,success,14173.97,2026-05-29 02:09:42.084760
415,415,paypal,success,7772.97,2026-01-16 09:24:59.221813
416,416,cash,failed,491.48,2026-07-06 19:05:10.667081
417,417,cash,refunded,6158.0,2026-07-24 01:02:34.292347
418,418,paypal,success,10598.71,2026-06-02 05:08:00.181617
419,419,bank_transfer,success,2367.55,
420,420,cash,success,2639.42,2026-05-24 04:32:39.810853
421,421,bank_transfer,failed,9502.01,2026-07-20 05:41:04.196474
422,422,cash,failed,5350.02,2026-01-08 06:54:27.534580
423,423,cash,failed,10234.36,2026-07-07 00:18:11.946517
424,424,bank_transfer,success,11355.87,2026-07-19 23:07:24.862981
425,425,cash,success,8513.56,2026-04-12 10:42:41.106366
426,426,paypal,refunded,1751.42,
427,427,card,refunded,3505.4,2025-12-05 13:24:50.657071
428,428,card,failed,6049.04,
429,429,cash,refunded,2832.95,2025-12-16 06:13:21.004575
430,430,bank_transfer,failed,6665.16,2026-02-08 10:18:26.688981
431,431,paypal,success,7699.88,2025-11-04 15:23:40.631900
432,432,card,success,5819.51,2026-05-13 23:07:13.269242
433,433,bank_transfer,failed,7456.8,2026-03-02 08:17:42.178307
434,434,cash,success,1751.42,2026-06-27 13:59:22.031313
435,435,card,refunded,583.25,2026-05-06 13:11:40.977966
436,436,paypal,refunded,2956.22,2025-08-23 22:31:59.417594
437,437,bank_transfer,refunded,7422.1,2026-08-04 15:54:36.192865
438,438,paypal,refunded,4301.62,2026-05-20 16:04:32.682446
439,439,bank_transfer,success,15807.83,2025-11-24 22:51:05.042609
440,440,bank_transfer,failed,16916.58,2026-07-08 01:36:41.854836
441,441,card,failed,3212.48,2026-06-05 06:33:35.142562
442,442,bank_transfer,failed,10301.4,2026-02-08 22:01:50.765059
443,443,paypal,success,8473.56,2026-07-23 04:53:29.668207
444,444,bank_transfer,success,7628.0,
445,445,bank_transfer,failed,2193.8,2026-05-04 22:00:22.062701
446,446,cash,failed,6202.98,2026-08-01 20:25:17.960405
447,447,paypal,refunded,1540.83,
448,448,cash,refunded,555.66,2026-05-01 13:41:09.125809
449,449,card,failed,5305.51,2026-04-06 15:57:07.542490
450,450,cash,failed,3541.76,2026-05-30 09:37:52.490926
451,451,card,success,2823.05,2025-12-18 13:32:57.948155
452,452,card,success,7605.8,2026-06-12 17:05:23.764507
453,453,bank_transfer,success,6956.22,2026-08-04 04:35:11.347523
454,454,bank_transfer,refunded,5111.44,2026-08-05 17:38:24.786216
455,455,paypal,success,2806.37,2026-06-09 09:12:05.898418
456,456,bank_transfer,failed,5674.9,2026-01-19 04:50:06.502895
457,457,card,failed,1782.48,2025-09-25 01:01:39.178586
458,458,bank_transfer,failed,4663.74,2026-07-30 00:55:11.039658
459,459,card,failed,3259.12,2026-04-12 18:33:12.926647
460,460,card,success,3902.41,2026-05-20 14:36:34.419985
461,461,cash,failed,12166.95,2026-07-28 21:16:25.465910
462,462,bank_transfer,failed,7298.64,2026-07-20 03:24:25.983170
463,463,cash,failed,6621.58,2026-07-11 17:11:57.778879
464,464,cash,refunded,1381.39,2026-06-06 05:20:16.798114
465,465,card,refunded,5645.2,2026-03-04 16:36:27.323467
466,466,card,refunded,6658.04,2025-09-23 11:10:23.832247
467,467,card,failed,8712.5,2026-06-27 21:13:13.986303
468,468,paypal,refunded,2357.17,2026-07-15 23:58:17.783348
469,469,bank_transfer,success,97.96,
470,470,card,failed,4059.65,2026-05-17 11:44:23.645162
471,471,paypal,refunded,3674.34,2026-05-16 18:44:55.068049
472,472,bank_transfer,refunded,1618.29,
473,473,cash,refunded,9430.4,2026-03-29 11:31:38.017618
474,474,paypal,success,3728.99,2026-08-01 18:07:07.527150
475,475,card,failed,4306.58,2026-07-09 11:02:10.011890
476,476,card,failed,11730.69,2026-04-17 15:33:36.035428
477,477,cash,success,12038.7,
478,478,bank_transfer,refunded,7493.16,2026-02-20 15:09:59.451649
479,479,bank_transfer,refunded,4700.41,2026-07-09 20:43:51.470328
480,480,bank_transfer,failed,328.77,2026-06-19 17:31:30.565841
481,481,bank_transfer,refunded,4780.93,2026-07-03 09:17:06.949963
482,482,cash,refunded,12666.42,2026-08-03 13:29:44.647946
483,483,bank_transfer,success,2853.6,2026-07-21 09:29:47.034074
484,484,paypal,failed,7859.57,2026-07-15 13:23:21.657915
485,485,card,refunded,4090.87,2026-06-18 13:23:13.006568
486,486,cash,refunded,14982.59,2025-12-06 08:38:34.590457
487,487,cash,success,7741.1,
488,488,paypal,success,10707.71,2026-07-15 23:56:44.872946
489,489,paypal,refunded,5288.9,2026-07-13 09:08:48.188022
490,490,cash,success,11668.01,2026-02-24 00:45:41.669013
491,491,bank_transfer,refunded,3650.19,2026-07-07 11:52:59.376842
492,492,paypal,refunded,2863.88,2026-05-29 13:00:58.853800
493,493,cash,success,5217.6,
494,494,bank_transfer,failed,418.62,
495,495,bank_transfer,success,1571.85,2026-06-27 14:01:58.733435
496,496,card,success,3696.66,2026-02-19 15:39:26.555427
497,497,paypal,failed,4961.5,2026-07-26 04:05:41.166325
498,498,bank_transfer,refunded,16285.35,2026-06-20 03:27:40.243063
499,499,bank_transfer,refunded,2391.99,2026-04-01 21:44:52.470477
500,500,bank_transfer,success,5338.52,2026-04-16 21:47:44.892666
501,501,cash,failed,2216.49,2026-06-09 19:32:51.295676
502,502,cash,refunded,9789.9,2026-06-28 22:29:56.936004
503,503,cash,refunded,8421.12,
504,504,bank_transfer,success,7124.82,2026-08-02 04:27:15.466306
505,505,cash,failed,7576.66,2026-01-21 13:25:43.721305
506,506,paypal,failed,7254.04,2025-10-17 20:37:51.951505
507,507,paypal,refunded,6489.27,2026-08-03 21:03:35.441261
508,508,card,success,14648.01,2026-07-22 22:20:58.716159
509,509,card,refunded,11404.23,2026-06-01 20:18:14.870051
510,510,paypal,refunded,2406.42,
511,511,bank_transfer,success,12228.84,
512,512,paypal,success,11591.83,
513,513,bank_transfer,failed,4736.15,
514,514,paypal,failed,3505.69,2026-07-15 01:40:18.573344
515,515,cash,success,5748.45,2026-03-01 11:41:36.854614
516,516,paypal,refunded,1065.27,2026-04-01 17:32:21.285277
517,517,cash,failed,8336.23,
518,518,bank_transfer,failed,16068.23,
519,519,cash,success,6198.66,2026-06-08 07:05:19.915658
520,520,bank_transfer,refunded,3614.07,2025-12-27 14:26:30.643749
521,521,bank_transfer,refunded,2780.88,2026-04-26 09:46:15.225696
522,522,paypal,refunded,5907.23,
523,523,cash,success,10887.29,2026-07-07 14:44:42.428744
524,524,cash,failed,5135.41,2026-03-29 09:48:19.130632
525,525,paypal,success,7990.29,2026-01-22 01:47:26.139595
526,526,cash,success,10107.36,2026-01-07 19:16:50.885591
527,527,cash,refunded,2274.27,
528,528,card,failed,1196.32,2026-01-29 18:18:12.544132
529,529,cash,refunded,5453.36,2026-05-05 07:02:38.604292
530,530,paypal,success,12259.06,2025-11-28 05:38:18.989156
531,531,cash,success,4756.8,
532,532,paypal,success,8477.28,2026-07-14 15:35:55.571407
533,533,bank_transfer,refunded,777.55,2026-03-11 20:23:02.194368
534,534,cash,refunded,815.79,2026-05-16 07:27:06.635779
535,535,card,success,9241.1,2026-05-20 00:27:26.949965
536,536,cash,success,6934.51,2026-07-26 11:21:57.108793
537,537,card,success,9465.6,
538,538,paypal,success,4712.95,2026-08-02 20:59:53.646693
539,539,bank_transfer,success,8747.16,2026-07-07 10:10:41.102366
540,540,paypal,failed,876.35,2026-07-26 20:55:58.183032
541,541,paypal,success,4188.25,
542,542,card,success,6760.06,2026-03-28 06:45:33.316324
543,543,paypal,refunded,6180.32,2026-07-04 02:13:12.632751
544,544,paypal,success,3290.16,2026-07-29 20:47:27.521433
545,545,paypal,success,11405.5,
546,546,card,success,7083.75,2026-07-05 04:45:03.639936
547,547,bank_transfer,refunded,1853.92,2026-01-18 17:26:59.539461
548,548,bank_transfer,failed,3640.76,2025-11-30 07:58:49.909293
549,549,paypal,failed,1463.56,2026-01-22 19:37:20.233301
550,550,bank_transfer,success,2220.32,2026-02-04 05:50:04.675622
551,551,card,success,1922.4,
552,552,bank_transfer,success,8497.29,2026-06-11 10:23:08.407799
553,553,paypal,refunded,10740.04,
554,554,paypal,success,4548.43,2026-08-04 09:14:44.797236
555,555,paypal,refunded,10820.87,2026-01-31 16:43:32.746668
556,556,bank_transfer,refunded,6998.35,
557,557,bank_transfer,failed,2956.22,2026-07-30 19:35:25.247488
558,558,card,failed,2828.7,2026-06-21 21:54:26.382508
559,559,paypal,success,4491.37,2026-07-18 22:38:22.051538
560,560,card,failed,833.49,2026-05-04 23:43:44.094331
561,561,cash,failed,6530.24,2026-08-01 13:30:03.389676
562,562,paypal,failed,6043.05,2026-04-26 09:12:08.597615
563,563,paypal,refunded,8724.23,2026-03-17 12:46:27.526495
564,564,cash,failed,3181.08,2025-12-03 03:44:46.748004
565,565,cash,refunded,2854.2,
566,566,bank_transfer,failed,4065.63,
567,567,card,refunded,2501.56,2026-04-21 03:21:53.406400
568,568,paypal,failed,4714.96,2026-08-05 23:54:39.503083
569,569,bank_transfer,refunded,77.32,2026-04-02 21:46:10.852550
570,570,paypal,failed,6684.47,2026-02-02 09:44:28.865618
571,571,card,success,5256.28,2025-12-09 02:59:38.059980
572,572,card,failed,6292.65,
573,573,card,success,6373.9,2026-07-20 04:03:03.961219
574,574,bank_transfer,success,7365.47,
575,575,cash,refunded,2756.18,2026-07-07 01:56:40.032143
576,576,cash,success,16109.2,2026-07-11 02:50:07.143107
577,577,paypal,failed,5344.76,2026-01-03 20:07:34.510555
578,578,card,failed,10063.6,2026-05-04 10:27:40.526796
579,579,card,failed,7546.08,2026-07-29 01:35:40.243865
580,580,card,refunded,11315.42,2026-06-20 19:11:17.857677
581,581,cash,success,11743.34,2026-06-08 17:16:27.469409
582,582,paypal,refunded,9011.02,2026-03-20 00:22:50.258367
583,583,bank_transfer,success,5913.46,2026-05-14 17:39:08.638961
584,584,card,failed,7538.44,
585,585,card,success,2973.25,2026-04-02 08:34:39.441240
586,586,cash,success,1620.83,
587,587,paypal,refunded,731.78,2025-10-25 09:11:20.058615
588,588,bank_transfer,failed,4903.64,2026-07-04 18:56:03.497094
589,589,paypal,failed,8052.64,2026-08-05 13:07:17.960330
590,590,cash,failed,1666.77,2026-07-28 08:06:46.315390
591,591,card,success,11774.18,
592,592,cash,failed,13712.32,2026-04-12 11:06:11.080042
593,593,bank_transfer,success,6855.41,2025-12-13 18:05:53.133641
594,594,cash,success,5066.04,2026-08-06 10:04:01.854544
595,595,bank_transfer,refunded,6558.66,
596,596,bank_transfer,failed,3982.61,
597,597,cash,failed,1289.14,2026-07-24 01:57:03.666481
598,598,paypal,failed,4942.44,2026-05-17 19:38:37.784995
599,599,paypal,failed,66.32,2026-07-30 23:40:34.913140
600,600,bank_transfer,failed,10186.55,2026-06-04 20:45:56.116992
601,601,cash,failed,3469.48,2025-09-19 06:07:06.057429
602,602,card,refunded,8062.68,2026-07-16 01:44:49.728249
603,603,card,refunded,10763.44,2026-07-08 06:18:52.224270
604,604,cash,success,3541.76,
605,605,card,refunded,11643.03,2026-07-10 22:11:25.452303
606,606,card,refunded,1735.46,2026-07-07 12:38:32.135402
607,607,bank_transfer,success,7350.12,2026-06-25 11:44:50.246655
608,608,paypal,success,5183.02,2026-05-08 07:34:18.535176
609,609,bank_transfer,refunded,8802.18,2026-05-30 23:34:11.571509
610,610,bank_transfer,failed,8199.44,2026-05-18 18:41:13.661335
611,611,card,refunded,2223.22,2026-01-02 09:15:53.527135
612,612,cash,refunded,14808.94,2026-07-31 22:08:17.042436
613,613,cash,refunded,3195.81,
614,614,card,refunded,5526.08,
615,615,cash,refunded,7607.92,2026-08-02 04:51:09.109079
616,616,bank_transfer,success,1650.75,2026-07-27 06:23:57.386492
617,617,paypal,refunded,10778.41,
618,618,cash,success,10760.19,2026-06-20 23:32:30.426720
619,619,card,failed,3655.36,2026-02-10 19:44:47.490603
620,620,paypal,refunded,8249.73,
621,621,card,success,2112.38,2026-08-04 06:55:02.315111
622,622,cash,success,4261.08,2026-05-24 18:39:22.704877
623,623,cash,refunded,11115.75,2026-07-07 03:19:42.958946
624,624,bank_transfer,refunded,5194.12,2026-08-05 18:51:55.366583
625,625,bank_transfer,failed,8041.38,2026-04-17 14:05:49.939076
626,626,paypal,failed,7360.08,2026-06-05 11:12:30.656701
627,627,paypal,refunded,1403.23,
628,628,cash,failed,3807.13,2026-08-04 05:00:16.496866
629,629,paypal,refunded,195.92,2026-07-03 08:03:59.564477
630,630,card,refunded,7662.82,2026-07-29 06:50:31.747721
631,631,bank_transfer,failed,802.02,
632,632,card,failed,5915.52,2026-07-03 22:12:34.973339
633,633,card,refunded,9033.62,2026-05-26 21:17:04.962766
634,634,paypal,success,2464.41,2026-08-06 09:46:09.524007
635,635,bank_transfer,success,4120.58,2026-07-14 06:55:45.725693
636,636,card,refunded,4259.39,2026-05-29 03:39:08.850257
637,637,paypal,refunded,10006.0,2026-05-31 01:51:51.393478
638,638,paypal,refunded,7793.69,
639,639,bank_transfer,refunded,6627.24,2026-05-15 21:39:06.458637
640,640,cash,refunded,7019.15,2026-06-05 15:44:17.092175
641,641,bank_transfer,failed,14639.97,2026-07-16 06:00:11.034243
642,642,bank_transfer,refunded,1899.22,2026-06-08 16:09:19.009354
643,643,cash,refunded,4010.08,2026-04-30 21:05:18.928220
644,644,paypal,failed,4708.53,2026-06-17 04:26:49.366390
645,645,paypal,refunded,7070.46,2026-07-07 23:35:28.913257
646,646,card,success,4136.17,2026-06-17 09:18:26.182989
647,647,cash,refunded,6660.69,2026-04-16 12:19:39.718224
648,648,paypal,failed,8046.63,2026-06-13 03:17:04.061980
649,649,card,failed,1080.08,
650,650,card,failed,5439.04,
651,651,bank_transfer,success,3360.06,2026-08-02 20:41:23.984144
652,652,card,refunded,7343.52,
653,653,cash,refunded,66.32,2026-05-06 23:03:18.813950
654,654,cash,failed,8280.24,2026-06-23 13:05:13.993355
655,655,bank_transfer,refunded,1335.11,2026-08-06 02:07:11.381629
656,656,bank_transfer,success,9181.58,
657,657,bank_transfer,refunded,4404.29,2026-04-14 17:15:18.705046
658,658,bank_transfer,failed,6866.04,
659,659,paypal,success,3754.71,2026-06-17 08:35:02.808642
660,660,cash,refunded,4659.09,2026-05-27 23:41:50.258785
661,661,cash,success,4979.45,2026-02-07 07:11:12.858198
662,662,card,failed,3977.57,2026-05-05 02:34:12.429421
663,663,bank_transfer,success,6894.14,2026-04-21 11:01:44.890270
664,664,cash,success,10818.17,2026-07-31 21:23:46.701339
665,665,card,refunded,6268.78,2025-12-23 06:11:26.843445
666,666,cash,success,7390.81,2026-02-16 10:30:40.048538
667,667,card,refunded,12977.58,2026-06-26 17:45:10.042618
668,668,paypal,failed,11948.7,2026-07-06 21:16:29.967964
669,669,cash,failed,9068.82,2026-02-11 09:32:54.683136
670,670,paypal,refunded,10358.33,2026-03-11 00:20:11.092285
671,671,paypal,refunded,11505.68,2025-10-20 00:48:30.912733
672,672,bank_transfer,success,6583.06,2026-03-15 20:07:55.148810
673,673,bank_transfer,failed,867.06,2026-05-16 10:01:29.395628
674,674,paypal,success,6318.08,
675,675,cash,failed,12476.26,2026-07-30 23:54:27.287153
676,676,cash,refunded,10082.51,2026-08-01 13:17:19.445753
677,677,cash,refunded,883.16,2026-07-30 08:17:58.472065
678,678,paypal,failed,2654.83,2026-07-17 19:31:15.308045
679,679,bank_transfer,refunded,2019.47,2026-05-17 10:28:04.915184
680,680,cash,success,12332.57,2026-02-18 17:37:23.622161
681,681,cash,refunded,10360.47,
682,682,cash,failed,1367.22,2026-07-14 01:45:09.173642
683,683,bank_transfer,refunded,12683.34,2025-11-01 08:02:14.347760
684,684,card,success,1336.78,
685,685,card,refunded,3411.67,2026-06-09 20:39:47.576810
686,686,paypal,refunded,7063.38,2026-07-20 15:46:51.919720
687,687,bank_transfer,failed,875.06,
688,688,cash,failed,513.61,
689,689,paypal,success,6363.5,2026-03-28 05:56:12.979104
690,690,card,success,11577.23,2026-02-13 04:17:48.351585
691,691,card,refunded,2643.18,2025-11-11 08:06:16.526863
692,692,card,success,38.66,2026-06-22 20:02:40.535456
693,693,bank_transfer,failed,1050.68,2026-07-21 19:16:19.995119
694,694,card,success,1266.55,2026-07-17 07:38:10.370637
695,695,paypal,failed,6732.5,
696,696,card,refunded,13884.75,2026-07-29 23:35:27.289617
697,697,cash,refunded,6288.51,2026-06-01 12:51:40.298538
698,698,cash,failed,9178.79,2026-05-06 07:57:27.898787
699,699,paypal,success,4452.33,
700,700,card,refunded,13484.14,2026-03-14 00:29:12.887974
701,701,cash,refunded,5967.84,2026-04-25 14:03:25.358422
702,702,card,refunded,604.08,
703,703,cash,failed,307.64,2026-07-05 08:43:52.613337
704,704,card,refunded,3822.8,2026-06-29 05:51:17.265950
705,705,cash,refunded,6007.64,2026-03-05 10:55:30.637653
706,706,bank_transfer,refunded,8821.14,2025-12-19 05:40:16.281169
707,707,bank_transfer,failed,2687.11,2026-03-23 04:57:11.633105
708,708,paypal,failed,5727.91,2026-06-13 17:12:08.374272
709,709,paypal,success,1121.64,2026-01-10 13:28:44.367513
710,710,card,failed,4068.67,2026-03-02 16:40:36.880713
711,711,bank_transfer,refunded,6819.3,
712,712,cash,refunded,4265.1,2026-03-17 21:50:44.471113
713,713,paypal,failed,867.06,2026-06-30 11:12:56.917827
714,714,cash,refunded,2113.04,2026-06-09 11:17:54.041844
715,715,bank_transfer,success,6660.36,2025-12-13 12:54:40.170062
716,716,card,success,5184.87,2025-11-14 22:07:24.244624
717,717,paypal,failed,8598.84,2026-06-17 00:41:39.646187
718,718,card,refunded,3667.56,2026-02-25 08:53:39.723664
719,719,paypal,refunded,2746.36,2026-08-06 02:19:18.642961
720,720,paypal,success,14215.42,2026-07-13 22:29:15.626147
721,721,paypal,failed,4421.18,
722,722,bank_transfer,failed,3171.43,2026-02-12 11:02:21.640123
723,723,card,refunded,2867.1,2026-05-18 00:59:12.840811
724,724,card,failed,9424.24,2026-05-21 13:32:38.006261
725,725,paypal,success,8309.06,2026-04-15 11:15:15.923489
726,726,paypal,refunded,3457.72,
727,727,cash,success,4170.16,2026-06-09 00:33:42.587351
728,728,bank_transfer,failed,1222.46,2026-04-14 08:54:03.373289
729,729,cash,refunded,3825.41,2026-04-13 10:38:03.234177
730,730,paypal,failed,949.61,2026-08-03 18:19:47.665514
731,731,paypal,success,4871.83,2026-06-12 18:44:06.603110
732,732,card,failed,2180.48,2026-07-22 10:33:29.913532
733,733,cash,success,5504.68,
734,734,cash,success,7974.58,2026-07-29 21:35:11.474320
735,735,cash,success,5518.47,2026-07-25 20:43:05.499521
736,736,card,success,4890.73,2026-07-07 06:11:31.671692
737,737,cash,success,8705.26,2026-07-13 14:38:49.754297
738,738,paypal,refunded,9801.13,2026-07-14 22:12:01.525229
739,739,paypal,success,11730.1,
740,740,paypal,success,1244.67,2026-07-30 22:49:59.474147
741,741,card,failed,4010.72,2026-06-27 10:32:37.815064
742,742,paypal,success,4459.69,2026-01-28 14:11:58.873156
743,743,bank_transfer,failed,4278.48,2026-02-09 15:54:13.044393
744,744,cash,failed,10311.32,
745,745,cash,refunded,4394.96,2025-12-31 13:09:53.462569
746,746,cash,success,14609.71,2026-06-07 23:45:27.191860
747,747,bank_transfer,success,8062.74,2026-05-14 02:34:35.840456
748,748,paypal,failed,9672.4,
749,749,cash,failed,2456.19,
750,750,card,refunded,1597.27,2026-07-27 22:26:34.528744
751,751,bank_transfer,failed,3174.84,2026-07-17 18:54:18.067474
752,752,cash,failed,4264.83,2026-06-12 07:29:41.993619
753,753,cash,refunded,13239.33,2026-06-04 21:32:15.758990
754,754,bank_transfer,refunded,8627.34,2026-04-04 19:47:07.960640
755,755,paypal,success,5022.17,2026-05-12 16:29:19.085841
756,756,card,success,8495.6,2026-07-13 09:36:55.609683
757,757,bank_transfer,success,10959.8,2026-06-14 09:56:22.738384
758,758,paypal,failed,411.13,2026-04-19 18:29:34.291023
759,759,bank_transfer,failed,9305.32,2026-08-01 22:38:22.874201
760,760,card,failed,1495.52,2026-07-09 09:52:10.316998
761,761,card,success,17737.58,
762,762,bank_transfer,failed,4137.96,2026-08-01 08:50:32.123481
763,763,paypal,refunded,10715.14,2026-05-16 11:42:23.000279
764,764,paypal,refunded,4710.76,
765,765,paypal,refunded,3262.3,2026-01-25 20:53:30.016037
766,766,paypal,refunded,4685.32,2026-08-06 05:53:14.775101
767,767,paypal,success,2122.36,2026-05-20 11:38:13.034077
768,768,paypal,failed,4374.69,2026-07-10 20:41:49.291834
769,769,card,refunded,3833.45,2026-02-12 05:58:06.505041
770,770,cash,failed,2347.82,2026-07-03 11:28:07.502127
771,771,bank_transfer,failed,4738.8,
772,772,paypal,refunded,5818.16,2026-07-13 07:16:35.230146
773,773,bank_transfer,success,5500.88,
774,774,cash,success,9858.43,2025-11-23 16:29:13.567414
775,775,paypal,refunded,1831.8,2026-07-20 08:59:21.196110
776,776,bank_transfer,refunded,8059.96,2026-07-18 19:35:34.757656
777,777,bank_transfer,failed,2672.58,2026-02-15 20:23:39.688276
778,778,cash,success,14230.68,2026-03-02 11:10:38.982021
779,779,card,success,4927.17,2026-07-22 00:36:02.894261
780,780,paypal,failed,2553.0,2026-05-21 05:16:29.601885
781,781,paypal,failed,6104.41,2026-06-19 21:53:17.511218
782,782,paypal,refunded,5764.87,2026-06-22 21:12:19.792203
783,783,paypal,success,2376.24,2026-04-03 18:51:15.334330
784,784,card,success,14537.81,2026-04-25 21:25:50.196279
785,785,paypal,success,2808.13,2026-01-08 04:32:20.840517
786,786,cash,success,10397.02,
787,787,bank_transfer,refunded,6623.06,
788,788,bank_transfer,refunded,1469.33,2026-06-30 21:11:19.827557
789,789,paypal,failed,4503.47,2026-07-31 02:03:58.763685
790,790,paypal,success,1761.62,2026-07-13 05:53:44.859203
791,791,cash,failed,4835.23,
792,792,bank_transfer,success,12847.65,
793,793,cash,success,6936.96,
794,794,cash,failed,9949.35,
795,795,paypal,success,5135.85,
796,796,bank_transfer,failed,7908.35,
797,797,cash,success,6879.95,2026-06-25 23:13:45.138875
798,798,paypal,failed,2464.44,2026-07-16 02:28:42.767307
799,799,card,success,1894.67,2025-11-29 05:59:33.860631
800,800,bank_transfer,refunded,4144.56,2026-07-31 00:02:39.776667
801,801,bank_transfer,success,4119.72,
802,802,paypal,success,12919.56,2026-07-30 02:59:27.953487
803,803,cash,refunded,917.63,2026-05-21 12:58:19.031813
804,804,card,failed,2486.24,2026-07-14 05:02:14.283285
805,805,card,refunded,5243.74,2026-05-17 01:19:42.562004
806,806,paypal,failed,11143.75,2026-07-10 19:15:03.747220
807,807,paypal,refunded,3067.13,
808,808,bank_transfer,failed,5231.93,2026-06-05 01:07:16.886522
809,809,cash,failed,1770.88,2025-11-08 05:13:44.807375
810,810,bank_transfer,failed,438.36,2026-03-12 20:43:48.301970
811,811,bank_transfer,refunded,3443.97,2026-06-30 01:05:40.136917
812,812,bank_transfer,failed,8966.55,2026-06-26 00:33:43.303616
813,813,cash,refunded,379.54,2025-10-30 04:33:06.331800
814,814,card,refunded,230.73,2026-07-25 16:53:52.263031
815,815,bank_transfer,success,2342.66,
816,816,card,refunded,5651.6,2025-10-21 20:31:23.497828
817,817,bank_transfer,failed,9724.14,2026-04-30 14:47:57.039903
818,818,card,failed,743.32,
819,819,cash,success,663.29,2026-02-06 14:42:11.658867
820,820,cash,success,7951.36,2025-11-06 08:28:36.207623
821,821,card,refunded,66.32,2026-05-24 16:35:30.271382
822,822,card,refunded,13452.93,2026-05-24 11:18:34.715021
823,823,card,failed,5468.64,2026-05-07 23:58:23.838200
824,824,bank_transfer,failed,7010.02,
825,825,bank_transfer,refunded,4050.75,2026-05-30 13:54:01.052094
826,826,bank_transfer,failed,7259.52,2026-04-15 13:42:55.615485
827,827,card,refunded,2130.54,
828,828,card,failed,7101.25,2026-04-15 12:29:34.660438
829,829,paypal,success,7051.66,2026-07-22 06:43:52.865788
830,830,paypal,failed,1670.16,
831,831,bank_transfer,refunded,8039.73,
832,832,paypal,refunded,7566.13,2026-06-04 00:45:28.839130
833,833,cash,failed,5209.56,2026-07-01 14:43:43.566072
834,834,cash,refunded,11843.07,2026-01-25 22:17:25.735529
835,835,paypal,success,4984.03,
836,836,card,success,2819.93,
837,837,cash,failed,8199.04,
838,838,paypal,success,4174.38,2026-02-26 16:08:02.220668
839,839,card,success,13568.32,2026-02-16 19:12:12.370156
840,840,paypal,failed,418.62,2026-07-29 15:35:13.879885
841,841,paypal,refunded,7990.3,2026-03-21 23:22:51.049425
842,842,cash,success,2591.89,2026-02-01 19:33:01.967599
843,843,paypal,success,10328.09,
844,844,card,failed,8391.97,2026-06-23 05:24:16.394477
845,845,card,failed,8831.94,2026-07-18 06:41:18.610610
846,846,paypal,success,2219.14,2026-06-18 02:26:23.892624
847,847,cash,success,5147.84,2026-06-27 17:21:37.910246
848,848,paypal,refunded,1581.44,2026-06-21 06:46:01.868246
849,849,paypal,refunded,526.2,
850,850,bank_transfer,success,5848.08,2026-05-06 10:58:00.880876
851,851,cash,refunded,3318.64,2026-07-29 12:23:51.134489
852,852,bank_transfer,failed,307.64,
853,853,card,failed,795.87,2026-07-10 08:03:40.438752
854,854,card,refunded,11970.63,2026-04-27 20:03:40.820720
855,855,card,success,442.62,2026-06-08 14:24:18.353456
856,856,cash,failed,867.06,2026-03-20 15:07:41.672808
857,857,paypal,refunded,2573.8,2026-08-01 12:35:35.779816
858,858,cash,failed,13862.9,
859,859,cash,success,5914.38,2026-07-12 04:24:01.864819
860,860,bank_transfer,failed,6991.04,2026-04-10 04:37:59.008506
861,861,cash,failed,15602.25,2026-06-09 14:53:08.394311
862,862,bank_transfer,refunded,5971.46,2026-07-21 04:27:05.643640
863,863,cash,refunded,6651.54,2025-11-30 02:19:27.578688
864,864,cash,refunded,8619.34,2026-05-20 19:15:02.652712
865,865,card,success,3674.61,
866,866,paypal,failed,7647.75,2026-08-05 08:36:05.698790
867,867,paypal,success,16155.08,2026-07-17 00:33:27.242354
868,868,card,refunded,3360.06,
869,869,bank_transfer,refunded,2958.69,2026-08-02 20:33:45.723469
870,870,paypal,failed,6626.6,2026-07-24 01:27:18.707402
871,871,bank_transfer,success,9972.9,
872,872,paypal,refunded,4986.81,2026-05-30 05:40:39.745210
873,873,cash,failed,3555.09,
874,874,card,failed,5943.15,
875,875,paypal,success,5848.44,2026-03-29 20:45:06.825204
876,876,bank_transfer,failed,6137.62,2026-07-29 04:41:11.505202
877,877,cash,refunded,5830.44,
878,878,cash,refunded,9324.79,2026-04-12 00:23:07.943712
879,879,card,success,2342.66,
880,880,cash,success,7328.43,2026-04-08 19:50:54.960901
881,881,cash,refunded,2650.02,2026-06-18 22:50:32.687978
882,882,paypal,failed,6868.93,2026-06-29 20:53:52.037891
883,883,bank_transfer,success,7369.64,2026-03-08 02:10:00.851033
884,884,cash,success,3649.58,2025-08-14 17:38:59.744514
885,885,paypal,failed,109.59,2026-06-20 15:27:02.162971
886,886,paypal,refunded,5369.62,
887,887,bank_transfer,success,2493.79,2026-04-20 19:24:02.681396
888,888,card,refunded,181.9,2026-01-28 01:01:37.954535
889,889,card,success,8054.11,2026-06-29 00:43:48.809302
890,890,cash,refunded,6255.08,2026-08-04 19:12:54.495550
891,891,bank_transfer,refunded,4769.11,2026-01-15 06:51:31.721716
892,892,bank_transfer,failed,7642.47,2026-05-09 23:26:25.126244
893,893,cash,success,4347.4,
894,894,paypal,success,2811.76,
895,895,bank_transfer,success,8741.22,2026-04-16 05:01:53.076955
896,896,cash,failed,5622.86,
897,897,paypal,refunded,4769.25,2026-02-11 03:09:47.068238
898,898,cash,refunded,1522.53,2026-07-14 05:48:05.556443
899,899,paypal,failed,7626.51,2026-05-27 08:44:56.631404
900,900,cash,failed,6207.94,2026-07-04 06:42:27.258851
901,901,bank_transfer,refunded,2456.19,2026-07-03 07:50:50.108685
902,902,card,refunded,1350.13,2026-05-27 19:32:41.616801
903,903,bank_transfer,refunded,7695.94,2026-05-01 15:04:51.930431
904,904,bank_transfer,failed,10158.25,
905,905,paypal,refunded,7741.95,2026-05-02 20:14:09.439420
906,906,bank_transfer,success,2597.06,2026-04-21 08:03:50.974414
907,907,paypal,failed,2054.44,2025-12-13 06:43:01.809988
908,908,card,refunded,9739.44,2026-05-30 11:46:08.120379
909,909,cash,success,5770.7,2026-06-30 18:09:06.029638
910,910,paypal,success,598.08,2026-05-28 17:41:11.317361
911,911,paypal,failed,13850.27,
912,912,bank_transfer,success,4972.84,2026-08-04 03:34:50.712826
913,913,card,success,6620.34,2026-08-05 01:44:56.477790
914,914,card,success,6271.34,2026-06-23 09:32:06.016870
915,915,bank_transfer,success,3187.26,2026-08-02 10:22:36.882010
916,916,bank_transfer,failed,3798.44,2026-08-05 22:14:38.655054
917,917,card,success,7600.5,2026-04-28 02:45:30.445439
918,918,bank_transfer,success,5158.84,2026-02-24 14:04:21.022092
919,919,card,failed,1749.75,2026-08-03 17:44:13.940068
920,920,card,refunded,1773.24,
921,921,cash,failed,3533.07,
922,922,paypal,success,3589.2,2026-07-16 12:05:50.889321
923,923,bank_transfer,refunded,1086.85,2026-06-22 18:18:03.301116
924,924,paypal,success,7601.97,2026-04-21 07:52:24.216635
925,925,paypal,success,2700.11,2026-06-23 14:57:56.421961
926,926,bank_transfer,failed,7922.83,2026-07-24 18:12:27.020868
927,927,bank_transfer,failed,12965.04,2026-07-26 19:00:43.056839
928,928,bank_transfer,failed,3157.08,
929,929,cash,success,6176.31,2026-06-17 08:45:52.208126
930,930,paypal,failed,7098.66,2026-06-16 05:18:35.683193
931,931,bank_transfer,refunded,7664.8,
932,932,card,refunded,8149.46,2026-05-16 19:31:57.468134
933,933,paypal,failed,9482.21,
934,934,card,refunded,2747.23,2026-06-22 14:27:45.053319
935,935,bank_transfer,success,5445.57,2025-11-19 07:10:45.198787
936,936,card,refunded,11065.16,2026-02-11 04:39:32.484946
937,937,paypal,refunded,3785.88,2025-12-19 11:59:05.654331
938,938,cash,refunded,10796.32,2026-04-14 18:56:07.352818
939,939,bank_transfer,refunded,1336.78,
940,940,bank_transfer,refunded,7085.76,2026-02-11 16:14:37.836434
941,941,cash,refunded,4386.06,2025-12-13 14:37:11.897139
942,942,bank_transfer,success,6608.05,
943,943,paypal,refunded,3962.65,2026-07-29 13:13:19.398541
944,944,card,refunded,14556.16,2026-05-23 05:22:54.302742
945,945,card,success,1145.41,2026-04-16 20:00:08.261099
946,946,card,success,8489.12,2026-08-05 04:34:44.266673
947,947,bank_transfer,failed,4562.91,2026-06-06 03:10:57.471607
948,948,cash,success,526.2,2026-06-12 13:40:08.075467
949,949,paypal,refunded,9232.68,2026-07-03 13:37:58.364117
950,950,paypal,success,4754.03,2026-02-02 15:12:17.167145
951,951,card,failed,11732.24,2026-07-20 02:33:31.943332
952,952,paypal,refunded,4002.76,2026-05-25 23:38:30.757754
953,953,cash,success,1871.3,2026-01-14 01:05:15.795157
954,954,bank_transfer,failed,6337.29,2026-06-11 07:54:51.570011
955,955,bank_transfer,failed,2628.14,2025-09-23 14:26:41.595319
956,956,card,refunded,2286.81,2026-02-02 02:39:07.070213
957,957,card,success,12586.4,2026-05-30 06:32:53.138442
958,958,card,refunded,4070.95,2026-03-21 13:21:37.354160
959,959,bank_transfer,failed,8176.23,
960,960,paypal,success,2973.28,
961,961,bank_transfer,refunded,4289.79,2026-03-09 10:48:43.828826
962,962,paypal,success,5852.25,2026-04-06 02:58:07.265893
963,963,bank_transfer,success,2343.55,2026-03-26 15:05:13.527363
964,964,bank_transfer,success,523.95,2026-07-24 13:51:16.353215
965,965,cash,refunded,6715.34,2026-06-16 05:51:15.130701
966,966,paypal,refunded,5729.68,2026-02-05 13:27:11.842188
967,967,cash,success,8973.69,2026-07-28 19:02:06.666269
968,968,paypal,success,8756.66,2026-07-14 02:52:36.087300
969,969,bank_transfer,failed,11529.47,2026-05-07 07:48:32.116383
970,970,bank_transfer,failed,9267.69,2026-07-31 14:33:34.815248
971,971,card,failed,6658.2,
972,972,paypal,refunded,15271.22,2026-02-21 14:47:15.318800
973,973,bank_transfer,refunded,10544.85,
974,974,bank_transfer,refunded,5381.23,
975,975,bank_transfer,success,4330.97,2026-03-30 12:13:26.926230
976,976,bank_transfer,refunded,2220.32,2026-01-28 23:05:57.780961
977,977,cash,refunded,8462.87,
978,978,bank_transfer,failed,9273.37,2026-04-19 21:01:44.462059
979,979,card,refunded,555.66,2026-07-25 02:41:10.038106
980,980,cash,failed,3290.16,2026-05-14 01:32:38.816600
981,981,bank_transfer,success,147.54,2025-12-01 07:14:34.621991
982,982,paypal,failed,9320.8,2026-07-07 13:46:20.407621
983,983,card,failed,11314.54,
984,984,card,success,13680.0,2026-07-01 09:49:49.372729
985,985,card,refunded,3612.99,2025-10-14 00:14:30.140326
986,986,cash,success,10159.12,2026-02-24 13:35:08.816879
987,987,cash,failed,8469.34,2026-07-10 20:24:12.910740
988,988,bank_transfer,success,6576.74,2026-07-11 04:29:44.679043
989,989,card,refunded,4557.36,
990,990,paypal,success,9315.11,2025-09-11 18:11:38.440426
991,991,bank_transfer,failed,4960.15,2026-07-22 10:22:32.376344
992,992,card,refunded,13933.17,2026-07-20 21:29:20.268224
993,993,card,success,1185.56,2026-07-17 08:12:03.375672
994,994,paypal,failed,4347.4,2026-07-20 19:51:23.886548
995,995,cash,refunded,8108.31,2026-01-09 06:10:48.698750
996,996,card,success,2973.28,2026-07-15 12:35:13.955370
997,997,paypal,failed,1336.0,2026-07-08 07:59:56.769455
998,998,card,success,8073.21,2026-05-24 15:29:38.593462
999,999,cash,failed,1111.32,2026-07-01 02:30:58.181420
1000,1000,paypal,success,1812.78,2026-08-02 07:27:57.455350
